ID,Assay_Num,Assay_Date,Depth_Top,Core_Location,Temperature,High_Temp,Light_Period,Treatment,Media,Germinated
3494,3,2010,0,2,30,30,15,None,SandSoil,1
3495,3,2010,0,2,30,30,15,None,SandSoil,1
3496,3,2010,0,2,30,30,15,None,SandSoil,1
3497,3,2010,0,2,30,30,15,None,SandSoil,1
3498,3,2010,0,2,30,30,15,None,SandSoil,1
3499,3,2010,0,2,30,30,15,None,SandSoil,1
3500,3,2010,0,2,30,30,15,None,SandSoil,1
3501,3,2010,0,2,30,30,15,None,SandSoil,0
3502,3,2010,0,2,30,30,15,None,SandSoil,0
3503,3,2010,0,2,30,30,15,None,SandSoil,0
3504,3,2010,0,2,30,30,15,None,SandSoil,0
3505,3,2010,0,2,30,30,15,None,SandSoil,0
3506,3,2010,0,2,30,30,15,None,SandSoil,0
3507,3,2010,0,2,30,30,15,None,SandSoil,0
3508,3,2010,0,2,30,30,15,None,SandSoil,0
3509,3,2010,0,2,30,30,15,None,SandSoil,0
3510,3,2010,0,2,30,30,15,None,SandSoil,0
3511,3,2010,0,2,30,30,15,None,SandSoil,0
3512,3,2010,0,2,30,30,15,None,SandSoil,0
3513,3,2010,0,2,30,30,15,None,SandSoil,0
3514,3,2010,0,2,30,30,15,None,SandSoil,0
3515,3,2010,0,2,30,30,15,None,SandSoil,0
3516,3,2010,0,2,30,30,15,None,SandSoil,0
3517,3,2010,0,2,30,30,15,None,SandSoil,0
3518,3,2010,0,2,30,30,15,None,SandSoil,0
3519,3,2010,0,2,30,30,15,None,SandSoil,0
2421,3,2010,2,2,30,30,15,Auxin,SandSoil,0
2848,3,2010,2,2,30,30,15,Bleach+Water,SandSoil,0
3067,3,2010,2,2,30,30,15,Ethylene,SandSoil,0
3267,3,2010,2,2,30,30,15,Gibberellic Acid,SandSoil,0
3461,3,2010,2,2,30,30,15,None,SandSoil,1
3462,3,2010,2,2,30,30,15,None,SandSoil,0
3463,3,2010,2,2,30,30,15,None,SandSoil,0
3464,3,2010,2,2,30,30,15,None,SandSoil,0
3465,3,2010,2,2,30,30,15,None,SandSoil,0
3466,3,2010,2,2,30,30,15,None,SandSoil,0
3467,3,2010,2,2,30,30,15,None,SandSoil,0
3468,3,2010,2,2,30,30,15,None,SandSoil,0
3469,3,2010,2,2,30,30,15,None,SandSoil,0
3470,3,2010,2,2,30,30,15,None,SandSoil,0
3471,3,2010,2,2,30,30,15,None,SandSoil,0
3472,3,2010,2,2,30,30,15,None,SandSoil,0
3473,3,2010,2,2,30,30,15,None,SandSoil,0
3474,3,2010,2,2,30,30,15,None,SandSoil,0
3475,3,2010,2,2,30,30,15,None,SandSoil,0
3476,3,2010,2,2,30,30,15,None,SandSoil,0
3477,3,2010,2,2,30,30,15,None,SandSoil,0
3478,3,2010,2,2,30,30,15,None,SandSoil,0
3479,3,2010,2,2,30,30,15,None,SandSoil,0
3480,3,2010,2,2,30,30,15,None,SandSoil,0
3481,3,2010,2,2,30,30,15,None,SandSoil,0
3482,3,2010,2,2,30,30,15,None,SandSoil,0
3483,3,2010,2,2,30,30,15,None,SandSoil,0
3484,3,2010,2,2,30,30,15,None,SandSoil,0
3485,3,2010,2,2,30,30,15,None,SandSoil,0
3486,3,2010,2,2,30,30,15,None,SandSoil,0
3487,3,2010,2,2,30,30,15,None,SandSoil,0
3488,3,2010,2,2,30,30,15,None,SandSoil,0
3489,3,2010,2,2,30,30,15,None,SandSoil,0
3490,3,2010,2,2,30,30,15,None,SandSoil,0
3718,3,2010,2,2,30,30,15,Water Bath,SandSoil,0
2621,3,2010,6,2,30,30,15,Bleach,SandSoil,0
2622,3,2010,6,2,30,30,15,Bleach,SandSoil,0
3350,3,2010,14,2,30,30,15,None,SandSoil,0
3351,3,2010,14,2,30,30,15,None,SandSoil,0
3352,3,2010,14,2,30,30,15,None,SandSoil,0
3353,3,2010,14,2,30,30,15,None,SandSoil,0
3354,3,2010,14,2,30,30,15,None,SandSoil,0
3355,3,2010,14,2,30,30,15,None,SandSoil,0
3342,3,2010,16,2,30,30,15,None,SandSoil,0
3343,3,2010,16,2,30,30,15,None,SandSoil,0
3344,3,2010,16,2,30,30,15,None,SandSoil,0
3345,3,2010,16,2,30,30,15,None,SandSoil,0
3346,3,2010,16,2,30,30,15,None,SandSoil,0
2349,3,2010,18,2,30,30,15,Auxin,SandSoil,0
2350,3,2010,18,2,30,30,15,Auxin,SandSoil,0
2351,3,2010,18,2,30,30,15,Auxin,SandSoil,0
2352,3,2010,18,2,30,30,15,Auxin,SandSoil,0
2353,3,2010,18,2,30,30,15,Auxin,SandSoil,0
2354,3,2010,18,2,30,30,15,Auxin,SandSoil,0
2355,3,2010,18,2,30,30,15,Auxin,SandSoil,0
2356,3,2010,18,2,30,30,15,Auxin,SandSoil,0
2357,3,2010,18,2,30,30,15,Auxin,SandSoil,0
2358,3,2010,18,2,30,30,15,Auxin,SandSoil,0
2359,3,2010,18,2,30,30,15,Auxin,SandSoil,0
2360,3,2010,18,2,30,30,15,Auxin,SandSoil,0
2564,3,2010,18,2,30,30,15,Bleach,SandSoil,0
2565,3,2010,18,2,30,30,15,Bleach,SandSoil,0
2566,3,2010,18,2,30,30,15,Bleach,SandSoil,0
2567,3,2010,18,2,30,30,15,Bleach,SandSoil,0
2568,3,2010,18,2,30,30,15,Bleach,SandSoil,0
2569,3,2010,18,2,30,30,15,Bleach,SandSoil,0
2570,3,2010,18,2,30,30,15,Bleach,SandSoil,0
2571,3,2010,18,2,30,30,15,Bleach,SandSoil,0
2572,3,2010,18,2,30,30,15,Bleach,SandSoil,0
2573,3,2010,18,2,30,30,15,Bleach,SandSoil,0
2574,3,2010,18,2,30,30,15,Bleach,SandSoil,0
2575,3,2010,18,2,30,30,15,Bleach,SandSoil,0
2776,3,2010,18,2,30,30,15,Bleach+Water,SandSoil,0
2777,3,2010,18,2,30,30,15,Bleach+Water,SandSoil,0
2778,3,2010,18,2,30,30,15,Bleach+Water,SandSoil,0
2779,3,2010,18,2,30,30,15,Bleach+Water,SandSoil,0
2780,3,2010,18,2,30,30,15,Bleach+Water,SandSoil,0
2781,3,2010,18,2,30,30,15,Bleach+Water,SandSoil,0
2782,3,2010,18,2,30,30,15,Bleach+Water,SandSoil,0
2783,3,2010,18,2,30,30,15,Bleach+Water,SandSoil,0
2784,3,2010,18,2,30,30,15,Bleach+Water,SandSoil,0
2785,3,2010,18,2,30,30,15,Bleach+Water,SandSoil,0
2786,3,2010,18,2,30,30,15,Bleach+Water,SandSoil,0
2787,3,2010,18,2,30,30,15,Bleach+Water,SandSoil,0
2995,3,2010,18,2,30,30,15,Ethylene,SandSoil,0
2996,3,2010,18,2,30,30,15,Ethylene,SandSoil,0
2997,3,2010,18,2,30,30,15,Ethylene,SandSoil,0
2998,3,2010,18,2,30,30,15,Ethylene,SandSoil,0
2999,3,2010,18,2,30,30,15,Ethylene,SandSoil,0
3000,3,2010,18,2,30,30,15,Ethylene,SandSoil,0
3001,3,2010,18,2,30,30,15,Ethylene,SandSoil,0
3002,3,2010,18,2,30,30,15,Ethylene,SandSoil,0
3003,3,2010,18,2,30,30,15,Ethylene,SandSoil,0
3004,3,2010,18,2,30,30,15,Ethylene,SandSoil,0
3005,3,2010,18,2,30,30,15,Ethylene,SandSoil,0
3006,3,2010,18,2,30,30,15,Ethylene,SandSoil,0
3203,3,2010,18,2,30,30,15,Gibberellic Acid,SandSoil,0
3204,3,2010,18,2,30,30,15,Gibberellic Acid,SandSoil,0
3205,3,2010,18,2,30,30,15,Gibberellic Acid,SandSoil,0
3206,3,2010,18,2,30,30,15,Gibberellic Acid,SandSoil,0
3207,3,2010,18,2,30,30,15,Gibberellic Acid,SandSoil,0
3208,3,2010,18,2,30,30,15,Gibberellic Acid,SandSoil,0
3209,3,2010,18,2,30,30,15,Gibberellic Acid,SandSoil,0
3210,3,2010,18,2,30,30,15,Gibberellic Acid,SandSoil,0
3211,3,2010,18,2,30,30,15,Gibberellic Acid,SandSoil,0
3212,3,2010,18,2,30,30,15,Gibberellic Acid,SandSoil,0
3213,3,2010,18,2,30,30,15,Gibberellic Acid,SandSoil,0
3214,3,2010,18,2,30,30,15,Gibberellic Acid,SandSoil,0
3647,3,2010,18,2,30,30,15,Water Bath,SandSoil,0
3648,3,2010,18,2,30,30,15,Water Bath,SandSoil,0
3649,3,2010,18,2,30,30,15,Water Bath,SandSoil,0
3650,3,2010,18,2,30,30,15,Water Bath,SandSoil,0
3651,3,2010,18,2,30,30,15,Water Bath,SandSoil,0
3652,3,2010,18,2,30,30,15,Water Bath,SandSoil,0
3653,3,2010,18,2,30,30,15,Water Bath,SandSoil,0
3654,3,2010,18,2,30,30,15,Water Bath,SandSoil,0
3655,3,2010,18,2,30,30,15,Water Bath,SandSoil,0
3656,3,2010,18,2,30,30,15,Water Bath,SandSoil,0
3657,3,2010,18,2,30,30,15,Water Bath,SandSoil,0
3658,3,2010,18,2,30,30,15,Water Bath,SandSoil,0
3295,3,2010,20,2,30,30,15,None,SandSoil,0
3296,3,2010,20,2,30,30,15,None,SandSoil,0
3297,3,2010,20,2,30,30,15,None,SandSoil,0
3298,3,2010,20,2,30,30,15,None,SandSoil,0
3299,3,2010,20,2,30,30,15,None,SandSoil,0
3300,3,2010,20,2,30,30,15,None,SandSoil,0
3301,3,2010,20,2,30,30,15,None,SandSoil,0
3302,3,2010,20,2,30,30,15,None,SandSoil,0
3303,3,2010,20,2,30,30,15,None,SandSoil,0
3304,3,2010,20,2,30,30,15,None,SandSoil,0
3305,3,2010,20,2,30,30,15,None,SandSoil,0
3306,3,2010,20,2,30,30,15,None,SandSoil,0
3307,3,2010,20,2,30,30,15,None,SandSoil,0
3308,3,2010,20,2,30,30,15,None,SandSoil,0
3309,3,2010,20,2,30,30,15,None,SandSoil,0
3310,3,2010,20,2,30,30,15,None,SandSoil,0
3311,3,2010,20,2,30,30,15,None,SandSoil,0
3312,3,2010,20,2,30,30,15,None,SandSoil,0
3313,3,2010,20,2,30,30,15,None,SandSoil,0
3314,3,2010,20,2,30,30,15,None,SandSoil,0
3427,3,2010,4,2,30,30,15,None,SandSoil,1
3428,3,2010,4,2,30,30,15,None,SandSoil,1
3429,3,2010,4,2,30,30,15,None,SandSoil,0
3430,3,2010,4,2,30,30,15,None,SandSoil,0
3431,3,2010,4,2,30,30,15,None,SandSoil,0
3432,3,2010,4,2,30,30,15,None,SandSoil,0
3433,3,2010,4,2,30,30,15,None,SandSoil,0
3434,3,2010,4,2,30,30,15,None,SandSoil,0
3435,3,2010,4,2,30,30,15,None,SandSoil,0
3436,3,2010,4,2,30,30,15,None,SandSoil,0
3437,3,2010,4,2,30,30,15,None,SandSoil,0
3438,3,2010,4,2,30,30,15,None,SandSoil,0
3439,3,2010,4,2,30,30,15,None,SandSoil,0
3440,3,2010,4,2,30,30,15,None,SandSoil,0
3441,3,2010,4,2,30,30,15,None,SandSoil,0
3442,3,2010,4,2,30,30,15,None,SandSoil,0
3443,3,2010,4,2,30,30,15,None,SandSoil,0
3444,3,2010,4,2,30,30,15,None,SandSoil,0
3445,3,2010,4,2,30,30,15,None,SandSoil,0
3446,3,2010,4,2,30,30,15,None,SandSoil,0
3447,3,2010,4,2,30,30,15,None,SandSoil,0
3448,3,2010,4,2,30,30,15,None,SandSoil,0
3449,3,2010,4,2,30,30,15,None,SandSoil,0
3450,3,2010,4,2,30,30,15,None,SandSoil,0
3451,3,2010,4,2,30,30,15,None,SandSoil,0
3452,3,2010,4,2,30,30,15,None,SandSoil,0
3453,3,2010,4,2,30,30,15,None,SandSoil,0
3454,3,2010,4,2,30,30,15,None,SandSoil,0
3455,3,2010,4,2,30,30,15,None,SandSoil,0
3456,3,2010,4,2,30,30,15,None,SandSoil,0
3457,3,2010,4,2,30,30,15,None,SandSoil,0
3458,3,2010,4,2,30,30,15,None,SandSoil,0
3459,3,2010,4,2,30,30,15,None,SandSoil,0
3460,3,2010,4,2,30,30,15,None,SandSoil,0
3419,3,2010,6,2,30,30,15,None,SandSoil,1
3420,3,2010,6,2,30,30,15,None,SandSoil,0
3421,3,2010,6,2,30,30,15,None,SandSoil,0
3422,3,2010,6,2,30,30,15,None,SandSoil,0
3423,3,2010,6,2,30,30,15,None,SandSoil,0
3424,3,2010,6,2,30,30,15,None,SandSoil,0
3425,3,2010,6,2,30,30,15,None,SandSoil,0
3426,3,2010,6,2,30,30,15,None,SandSoil,0
3397,3,2010,8,2,30,30,15,None,SandSoil,0
3398,3,2010,8,2,30,30,15,None,SandSoil,0
3399,3,2010,8,2,30,30,15,None,SandSoil,0
3400,3,2010,8,2,30,30,15,None,SandSoil,0
3401,3,2010,8,2,30,30,15,None,SandSoil,0
3402,3,2010,8,2,30,30,15,None,SandSoil,0
3403,3,2010,8,2,30,30,15,None,SandSoil,0
3404,3,2010,8,2,30,30,15,None,SandSoil,0
3405,3,2010,8,2,30,30,15,None,SandSoil,0
3406,3,2010,8,2,30,30,15,None,SandSoil,0
3407,3,2010,8,2,30,30,15,None,SandSoil,0
3408,3,2010,8,2,30,30,15,None,SandSoil,0
3409,3,2010,8,2,30,30,15,None,SandSoil,0
3410,3,2010,8,2,30,30,15,None,SandSoil,0
3411,3,2010,8,2,30,30,15,None,SandSoil,0
3412,3,2010,8,2,30,30,15,None,SandSoil,0
3413,3,2010,8,2,30,30,15,None,SandSoil,0
3414,3,2010,8,2,30,30,15,None,SandSoil,0
3415,3,2010,8,2,30,30,15,None,SandSoil,0
3416,3,2010,8,2,30,30,15,None,SandSoil,0
3417,3,2010,8,2,30,30,15,None,SandSoil,0
3418,3,2010,8,2,30,30,15,None,SandSoil,0
3367,3,2010,10,2,30,30,15,None,SandSoil,0
3368,3,2010,10,2,30,30,15,None,SandSoil,0
3369,3,2010,10,2,30,30,15,None,SandSoil,0
3370,3,2010,10,2,30,30,15,None,SandSoil,0
3371,3,2010,10,2,30,30,15,None,SandSoil,0
3372,3,2010,10,2,30,30,15,None,SandSoil,0
3373,3,2010,10,2,30,30,15,None,SandSoil,0
3374,3,2010,10,2,30,30,15,None,SandSoil,0
3375,3,2010,10,2,30,30,15,None,SandSoil,0
3376,3,2010,10,2,30,30,15,None,SandSoil,0
3377,3,2010,10,2,30,30,15,None,SandSoil,0
3378,3,2010,10,2,30,30,15,None,SandSoil,0
3379,3,2010,10,2,30,30,15,None,SandSoil,0
3380,3,2010,10,2,30,30,15,None,SandSoil,0
3381,3,2010,10,2,30,30,15,None,SandSoil,0
3382,3,2010,10,2,30,30,15,None,SandSoil,0
3356,3,2010,12,2,30,30,15,None,SandSoil,0
3357,3,2010,12,2,30,30,15,None,SandSoil,0
3358,3,2010,12,2,30,30,15,None,SandSoil,0
3359,3,2010,12,2,30,30,15,None,SandSoil,0
3360,3,2010,12,2,30,30,15,None,SandSoil,0
3315,3,2010,18,2,30,30,15,None,SandSoil,0
3316,3,2010,18,2,30,30,15,None,SandSoil,0
3317,3,2010,18,2,30,30,15,None,SandSoil,0
3318,3,2010,18,2,30,30,15,None,SandSoil,0
3319,3,2010,18,2,30,30,15,None,SandSoil,0
3320,3,2010,18,2,30,30,15,None,SandSoil,0
3321,3,2010,18,2,30,30,15,None,SandSoil,0
3322,3,2010,18,2,30,30,15,None,SandSoil,0
3323,3,2010,18,2,30,30,15,None,SandSoil,0
3324,3,2010,18,2,30,30,15,None,SandSoil,0
3325,3,2010,18,2,30,30,15,None,SandSoil,0
3326,3,2010,18,2,30,30,15,None,SandSoil,0
3327,3,2010,18,2,30,30,15,None,SandSoil,0
3328,3,2010,18,2,30,30,15,None,SandSoil,0
3329,3,2010,18,2,30,30,15,None,SandSoil,0
3330,3,2010,18,2,30,30,15,None,SandSoil,0
3331,3,2010,18,2,30,30,15,None,SandSoil,0
3332,3,2010,18,2,30,30,15,None,SandSoil,0
3333,3,2010,18,2,30,30,15,None,SandSoil,0
3334,3,2010,18,2,30,30,15,None,SandSoil,0
3335,3,2010,18,2,30,30,15,None,SandSoil,0
3336,3,2010,18,2,30,30,15,None,SandSoil,0
3337,3,2010,18,2,30,30,15,None,SandSoil,0
3338,3,2010,18,2,30,30,15,None,SandSoil,0
3339,3,2010,18,2,30,30,15,None,SandSoil,0
3340,3,2010,18,2,30,30,15,None,SandSoil,0
3341,3,2010,18,2,30,30,15,None,SandSoil,0
3491,3,2010,2,3,30,30,15,None,SandSoil,1
3492,3,2010,2,3,30,30,15,None,SandSoil,0
3493,3,2010,2,3,30,30,15,None,SandSoil,0
3383,3,2010,10,3,30,30,15,None,SandSoil,1
3384,3,2010,10,3,30,30,15,None,SandSoil,1
3385,3,2010,10,3,30,30,15,None,SandSoil,1
3386,3,2010,10,3,30,30,15,None,SandSoil,0
3387,3,2010,10,3,30,30,15,None,SandSoil,0
3388,3,2010,10,3,30,30,15,None,SandSoil,0
3389,3,2010,10,3,30,30,15,None,SandSoil,0
3390,3,2010,10,3,30,30,15,None,SandSoil,0
3391,3,2010,10,3,30,30,15,None,SandSoil,0
3392,3,2010,10,3,30,30,15,None,SandSoil,0
3393,3,2010,10,3,30,30,15,None,SandSoil,0
3394,3,2010,10,3,30,30,15,None,SandSoil,0
3395,3,2010,10,3,30,30,15,None,SandSoil,0
3396,3,2010,10,3,30,30,15,None,SandSoil,0
3361,3,2010,12,3,30,30,15,None,SandSoil,1
3362,3,2010,12,3,30,30,15,None,SandSoil,0
3363,3,2010,12,3,30,30,15,None,SandSoil,0
3364,3,2010,12,3,30,30,15,None,SandSoil,0
3365,3,2010,12,3,30,30,15,None,SandSoil,0
3366,3,2010,12,3,30,30,15,None,SandSoil,0
3347,3,2010,16,3,30,30,15,None,SandSoil,0
3348,3,2010,16,3,30,30,15,None,SandSoil,0
3349,3,2010,16,3,30,30,15,None,SandSoil,0
3282,3,2010,22,3,30,30,15,None,SandSoil,0
3283,3,2010,22,3,30,30,15,None,SandSoil,0
3284,3,2010,22,3,30,30,15,None,SandSoil,0
3285,3,2010,22,3,30,30,15,None,SandSoil,0
3286,3,2010,22,3,30,30,15,None,SandSoil,0
3287,3,2010,22,3,30,30,15,None,SandSoil,0
3288,3,2010,22,3,30,30,15,None,SandSoil,0
3289,3,2010,22,3,30,30,15,None,SandSoil,0
3290,3,2010,22,3,30,30,15,None,SandSoil,0
3291,3,2010,22,3,30,30,15,None,SandSoil,0
3292,3,2010,22,3,30,30,15,None,SandSoil,0
3293,3,2010,22,3,30,30,15,None,SandSoil,0
3294,3,2010,22,3,30,30,15,None,SandSoil,0
3275,3,2010,24,3,30,30,15,None,SandSoil,0
3276,3,2010,24,3,30,30,15,None,SandSoil,0
3277,3,2010,24,3,30,30,15,None,SandSoil,0
3278,3,2010,24,3,30,30,15,None,SandSoil,0
3279,3,2010,24,3,30,30,15,None,SandSoil,0
3280,3,2010,24,3,30,30,15,None,SandSoil,0
3281,3,2010,24,3,30,30,15,None,SandSoil,0
3268,3,2010,26,3,30,30,15,None,SandSoil,0
3269,3,2010,26,3,30,30,15,None,SandSoil,0
3270,3,2010,26,3,30,30,15,None,SandSoil,0
3271,3,2010,26,3,30,30,15,None,SandSoil,0
3272,3,2010,26,3,30,30,15,None,SandSoil,0
3273,3,2010,26,3,30,30,15,None,SandSoil,0
3274,3,2010,26,3,30,30,15,None,SandSoil,0
2397,3,2010,12,1,30,30,15,Auxin,SandSoil,0
2398,3,2010,12,1,30,30,15,Auxin,SandSoil,0
2399,3,2010,12,1,30,30,15,Auxin,SandSoil,0
2400,3,2010,12,1,30,30,15,Auxin,SandSoil,0
2401,3,2010,12,1,30,30,15,Auxin,SandSoil,0
2402,3,2010,12,1,30,30,15,Auxin,SandSoil,0
2403,3,2010,12,1,30,30,15,Auxin,SandSoil,0
2404,3,2010,12,1,30,30,15,Auxin,SandSoil,0
2405,3,2010,12,1,30,30,15,Auxin,SandSoil,0
2406,3,2010,12,1,30,30,15,Auxin,SandSoil,0
2611,3,2010,12,1,30,30,15,Bleach,SandSoil,0
2612,3,2010,12,1,30,30,15,Bleach,SandSoil,0
2613,3,2010,12,1,30,30,15,Bleach,SandSoil,0
2614,3,2010,12,1,30,30,15,Bleach,SandSoil,0
2615,3,2010,12,1,30,30,15,Bleach,SandSoil,0
2616,3,2010,12,1,30,30,15,Bleach,SandSoil,0
2617,3,2010,12,1,30,30,15,Bleach,SandSoil,0
2618,3,2010,12,1,30,30,15,Bleach,SandSoil,0
2619,3,2010,12,1,30,30,15,Bleach,SandSoil,0
2620,3,2010,12,1,30,30,15,Bleach,SandSoil,0
2824,3,2010,12,1,30,30,15,Bleach+Water,SandSoil,0
2825,3,2010,12,1,30,30,15,Bleach+Water,SandSoil,0
2826,3,2010,12,1,30,30,15,Bleach+Water,SandSoil,0
2827,3,2010,12,1,30,30,15,Bleach+Water,SandSoil,0
2828,3,2010,12,1,30,30,15,Bleach+Water,SandSoil,0
2829,3,2010,12,1,30,30,15,Bleach+Water,SandSoil,0
2830,3,2010,12,1,30,30,15,Bleach+Water,SandSoil,0
2831,3,2010,12,1,30,30,15,Bleach+Water,SandSoil,0
2832,3,2010,12,1,30,30,15,Bleach+Water,SandSoil,0
2833,3,2010,12,1,30,30,15,Bleach+Water,SandSoil,0
3043,3,2010,12,1,30,30,15,Ethylene,SandSoil,1
3044,3,2010,12,1,30,30,15,Ethylene,SandSoil,0
3045,3,2010,12,1,30,30,15,Ethylene,SandSoil,0
3046,3,2010,12,1,30,30,15,Ethylene,SandSoil,0
3047,3,2010,12,1,30,30,15,Ethylene,SandSoil,0
3048,3,2010,12,1,30,30,15,Ethylene,SandSoil,0
3049,3,2010,12,1,30,30,15,Ethylene,SandSoil,0
3050,3,2010,12,1,30,30,15,Ethylene,SandSoil,0
3051,3,2010,12,1,30,30,15,Ethylene,SandSoil,0
3052,3,2010,12,1,30,30,15,Ethylene,SandSoil,0
3243,3,2010,12,1,30,30,15,Gibberellic Acid,SandSoil,1
3244,3,2010,12,1,30,30,15,Gibberellic Acid,SandSoil,0
3245,3,2010,12,1,30,30,15,Gibberellic Acid,SandSoil,0
3246,3,2010,12,1,30,30,15,Gibberellic Acid,SandSoil,0
3247,3,2010,12,1,30,30,15,Gibberellic Acid,SandSoil,0
3248,3,2010,12,1,30,30,15,Gibberellic Acid,SandSoil,0
3249,3,2010,12,1,30,30,15,Gibberellic Acid,SandSoil,0
3250,3,2010,12,1,30,30,15,Gibberellic Acid,SandSoil,0
3251,3,2010,12,1,30,30,15,Gibberellic Acid,SandSoil,0
3252,3,2010,12,1,30,30,15,Gibberellic Acid,SandSoil,0
3695,3,2010,12,1,30,30,15,Water Bath,SandSoil,0
3696,3,2010,12,1,30,30,15,Water Bath,SandSoil,0
3697,3,2010,12,1,30,30,15,Water Bath,SandSoil,0
3698,3,2010,12,1,30,30,15,Water Bath,SandSoil,0
3699,3,2010,12,1,30,30,15,Water Bath,SandSoil,0
3700,3,2010,12,1,30,30,15,Water Bath,SandSoil,0
3701,3,2010,12,1,30,30,15,Water Bath,SandSoil,0
3702,3,2010,12,1,30,30,15,Water Bath,SandSoil,0
3703,3,2010,12,1,30,30,15,Water Bath,SandSoil,0
2381,3,2010,14,1,30,30,15,Auxin,SandSoil,0
2382,3,2010,14,1,30,30,15,Auxin,SandSoil,0
2383,3,2010,14,1,30,30,15,Auxin,SandSoil,0
2384,3,2010,14,1,30,30,15,Auxin,SandSoil,0
2385,3,2010,14,1,30,30,15,Auxin,SandSoil,0
2386,3,2010,14,1,30,30,15,Auxin,SandSoil,0
2387,3,2010,14,1,30,30,15,Auxin,SandSoil,0
2388,3,2010,14,1,30,30,15,Auxin,SandSoil,0
2389,3,2010,14,1,30,30,15,Auxin,SandSoil,0
2390,3,2010,14,1,30,30,15,Auxin,SandSoil,0
2391,3,2010,14,1,30,30,15,Auxin,SandSoil,0
2392,3,2010,14,1,30,30,15,Auxin,SandSoil,0
2393,3,2010,14,1,30,30,15,Auxin,SandSoil,0
2394,3,2010,14,1,30,30,15,Auxin,SandSoil,0
2395,3,2010,14,1,30,30,15,Auxin,SandSoil,0
2396,3,2010,14,1,30,30,15,Auxin,SandSoil,0
2596,3,2010,14,1,30,30,15,Bleach,SandSoil,0
2597,3,2010,14,1,30,30,15,Bleach,SandSoil,0
2598,3,2010,14,1,30,30,15,Bleach,SandSoil,0
2599,3,2010,14,1,30,30,15,Bleach,SandSoil,0
2600,3,2010,14,1,30,30,15,Bleach,SandSoil,0
2601,3,2010,14,1,30,30,15,Bleach,SandSoil,0
2602,3,2010,14,1,30,30,15,Bleach,SandSoil,0
2603,3,2010,14,1,30,30,15,Bleach,SandSoil,0
2604,3,2010,14,1,30,30,15,Bleach,SandSoil,0
2605,3,2010,14,1,30,30,15,Bleach,SandSoil,0
2606,3,2010,14,1,30,30,15,Bleach,SandSoil,0
2607,3,2010,14,1,30,30,15,Bleach,SandSoil,0
2608,3,2010,14,1,30,30,15,Bleach,SandSoil,0
2609,3,2010,14,1,30,30,15,Bleach,SandSoil,0
2610,3,2010,14,1,30,30,15,Bleach,SandSoil,0
2808,3,2010,14,1,30,30,15,Bleach+Water,SandSoil,1
2809,3,2010,14,1,30,30,15,Bleach+Water,SandSoil,0
2810,3,2010,14,1,30,30,15,Bleach+Water,SandSoil,0
2811,3,2010,14,1,30,30,15,Bleach+Water,SandSoil,0
2812,3,2010,14,1,30,30,15,Bleach+Water,SandSoil,0
2813,3,2010,14,1,30,30,15,Bleach+Water,SandSoil,0
2814,3,2010,14,1,30,30,15,Bleach+Water,SandSoil,0
2815,3,2010,14,1,30,30,15,Bleach+Water,SandSoil,0
2816,3,2010,14,1,30,30,15,Bleach+Water,SandSoil,0
2817,3,2010,14,1,30,30,15,Bleach+Water,SandSoil,0
2818,3,2010,14,1,30,30,15,Bleach+Water,SandSoil,0
2819,3,2010,14,1,30,30,15,Bleach+Water,SandSoil,0
2820,3,2010,14,1,30,30,15,Bleach+Water,SandSoil,0
2821,3,2010,14,1,30,30,15,Bleach+Water,SandSoil,0
2822,3,2010,14,1,30,30,15,Bleach+Water,SandSoil,0
2823,3,2010,14,1,30,30,15,Bleach+Water,SandSoil,0
3027,3,2010,14,1,30,30,15,Ethylene,SandSoil,0
3028,3,2010,14,1,30,30,15,Ethylene,SandSoil,0
3029,3,2010,14,1,30,30,15,Ethylene,SandSoil,0
3030,3,2010,14,1,30,30,15,Ethylene,SandSoil,0
3031,3,2010,14,1,30,30,15,Ethylene,SandSoil,0
3032,3,2010,14,1,30,30,15,Ethylene,SandSoil,0
3033,3,2010,14,1,30,30,15,Ethylene,SandSoil,0
3034,3,2010,14,1,30,30,15,Ethylene,SandSoil,0
3035,3,2010,14,1,30,30,15,Ethylene,SandSoil,0
3036,3,2010,14,1,30,30,15,Ethylene,SandSoil,0
3037,3,2010,14,1,30,30,15,Ethylene,SandSoil,0
3038,3,2010,14,1,30,30,15,Ethylene,SandSoil,0
3039,3,2010,14,1,30,30,15,Ethylene,SandSoil,0
3040,3,2010,14,1,30,30,15,Ethylene,SandSoil,0
3041,3,2010,14,1,30,30,15,Ethylene,SandSoil,0
3042,3,2010,14,1,30,30,15,Ethylene,SandSoil,0
3235,3,2010,14,1,30,30,15,Gibberellic Acid,SandSoil,1
3236,3,2010,14,1,30,30,15,Gibberellic Acid,SandSoil,0
3237,3,2010,14,1,30,30,15,Gibberellic Acid,SandSoil,0
3238,3,2010,14,1,30,30,15,Gibberellic Acid,SandSoil,0
3239,3,2010,14,1,30,30,15,Gibberellic Acid,SandSoil,0
3240,3,2010,14,1,30,30,15,Gibberellic Acid,SandSoil,0
3241,3,2010,14,1,30,30,15,Gibberellic Acid,SandSoil,0
3242,3,2010,14,1,30,30,15,Gibberellic Acid,SandSoil,0
3679,3,2010,14,1,30,30,15,Water Bath,SandSoil,0
3680,3,2010,14,1,30,30,15,Water Bath,SandSoil,0
3681,3,2010,14,1,30,30,15,Water Bath,SandSoil,0
3682,3,2010,14,1,30,30,15,Water Bath,SandSoil,0
3683,3,2010,14,1,30,30,15,Water Bath,SandSoil,0
3684,3,2010,14,1,30,30,15,Water Bath,SandSoil,0
3685,3,2010,14,1,30,30,15,Water Bath,SandSoil,0
3686,3,2010,14,1,30,30,15,Water Bath,SandSoil,0
3687,3,2010,14,1,30,30,15,Water Bath,SandSoil,0
3688,3,2010,14,1,30,30,15,Water Bath,SandSoil,0
3689,3,2010,14,1,30,30,15,Water Bath,SandSoil,0
3690,3,2010,14,1,30,30,15,Water Bath,SandSoil,0
3691,3,2010,14,1,30,30,15,Water Bath,SandSoil,0
3692,3,2010,14,1,30,30,15,Water Bath,SandSoil,0
3693,3,2010,14,1,30,30,15,Water Bath,SandSoil,0
3694,3,2010,14,1,30,30,15,Water Bath,SandSoil,0
2373,3,2010,16,1,30,30,15,Auxin,SandSoil,0
2374,3,2010,16,1,30,30,15,Auxin,SandSoil,0
2375,3,2010,16,1,30,30,15,Auxin,SandSoil,0
2376,3,2010,16,1,30,30,15,Auxin,SandSoil,0
2377,3,2010,16,1,30,30,15,Auxin,SandSoil,0
2378,3,2010,16,1,30,30,15,Auxin,SandSoil,0
2379,3,2010,16,1,30,30,15,Auxin,SandSoil,0
2380,3,2010,16,1,30,30,15,Auxin,SandSoil,0
2588,3,2010,16,1,30,30,15,Bleach,SandSoil,0
2589,3,2010,16,1,30,30,15,Bleach,SandSoil,0
2590,3,2010,16,1,30,30,15,Bleach,SandSoil,0
2591,3,2010,16,1,30,30,15,Bleach,SandSoil,0
2592,3,2010,16,1,30,30,15,Bleach,SandSoil,0
2593,3,2010,16,1,30,30,15,Bleach,SandSoil,0
2594,3,2010,16,1,30,30,15,Bleach,SandSoil,0
2595,3,2010,16,1,30,30,15,Bleach,SandSoil,0
2800,3,2010,16,1,30,30,15,Bleach+Water,SandSoil,0
2801,3,2010,16,1,30,30,15,Bleach+Water,SandSoil,0
2802,3,2010,16,1,30,30,15,Bleach+Water,SandSoil,0
2803,3,2010,16,1,30,30,15,Bleach+Water,SandSoil,0
2804,3,2010,16,1,30,30,15,Bleach+Water,SandSoil,0
2805,3,2010,16,1,30,30,15,Bleach+Water,SandSoil,0
2806,3,2010,16,1,30,30,15,Bleach+Water,SandSoil,0
2807,3,2010,16,1,30,30,15,Bleach+Water,SandSoil,0
3019,3,2010,16,1,30,30,15,Ethylene,SandSoil,0
3020,3,2010,16,1,30,30,15,Ethylene,SandSoil,0
3021,3,2010,16,1,30,30,15,Ethylene,SandSoil,0
3022,3,2010,16,1,30,30,15,Ethylene,SandSoil,0
3023,3,2010,16,1,30,30,15,Ethylene,SandSoil,0
3024,3,2010,16,1,30,30,15,Ethylene,SandSoil,0
3025,3,2010,16,1,30,30,15,Ethylene,SandSoil,0
3026,3,2010,16,1,30,30,15,Ethylene,SandSoil,0
3227,3,2010,16,1,30,30,15,Gibberellic Acid,SandSoil,0
3228,3,2010,16,1,30,30,15,Gibberellic Acid,SandSoil,0
3229,3,2010,16,1,30,30,15,Gibberellic Acid,SandSoil,0
3230,3,2010,16,1,30,30,15,Gibberellic Acid,SandSoil,0
3231,3,2010,16,1,30,30,15,Gibberellic Acid,SandSoil,0
3232,3,2010,16,1,30,30,15,Gibberellic Acid,SandSoil,0
3233,3,2010,16,1,30,30,15,Gibberellic Acid,SandSoil,0
3234,3,2010,16,1,30,30,15,Gibberellic Acid,SandSoil,0
3671,3,2010,16,1,30,30,15,Water Bath,SandSoil,0
3672,3,2010,16,1,30,30,15,Water Bath,SandSoil,0
3673,3,2010,16,1,30,30,15,Water Bath,SandSoil,0
3674,3,2010,16,1,30,30,15,Water Bath,SandSoil,0
3675,3,2010,16,1,30,30,15,Water Bath,SandSoil,0
3676,3,2010,16,1,30,30,15,Water Bath,SandSoil,0
3677,3,2010,16,1,30,30,15,Water Bath,SandSoil,0
3678,3,2010,16,1,30,30,15,Water Bath,SandSoil,0
2361,3,2010,18,1,30,30,15,Auxin,SandSoil,0
2362,3,2010,18,1,30,30,15,Auxin,SandSoil,0
2363,3,2010,18,1,30,30,15,Auxin,SandSoil,0
2364,3,2010,18,1,30,30,15,Auxin,SandSoil,0
2365,3,2010,18,1,30,30,15,Auxin,SandSoil,0
2366,3,2010,18,1,30,30,15,Auxin,SandSoil,0
2367,3,2010,18,1,30,30,15,Auxin,SandSoil,0
2368,3,2010,18,1,30,30,15,Auxin,SandSoil,0
2369,3,2010,18,1,30,30,15,Auxin,SandSoil,0
2370,3,2010,18,1,30,30,15,Auxin,SandSoil,0
2371,3,2010,18,1,30,30,15,Auxin,SandSoil,0
2372,3,2010,18,1,30,30,15,Auxin,SandSoil,0
2576,3,2010,18,1,30,30,15,Bleach,SandSoil,0
2577,3,2010,18,1,30,30,15,Bleach,SandSoil,0
2578,3,2010,18,1,30,30,15,Bleach,SandSoil,0
2579,3,2010,18,1,30,30,15,Bleach,SandSoil,0
2580,3,2010,18,1,30,30,15,Bleach,SandSoil,0
2581,3,2010,18,1,30,30,15,Bleach,SandSoil,0
2582,3,2010,18,1,30,30,15,Bleach,SandSoil,0
2583,3,2010,18,1,30,30,15,Bleach,SandSoil,0
2584,3,2010,18,1,30,30,15,Bleach,SandSoil,0
2585,3,2010,18,1,30,30,15,Bleach,SandSoil,0
2586,3,2010,18,1,30,30,15,Bleach,SandSoil,0
2587,3,2010,18,1,30,30,15,Bleach,SandSoil,0
2788,3,2010,18,1,30,30,15,Bleach+Water,SandSoil,0
2789,3,2010,18,1,30,30,15,Bleach+Water,SandSoil,0
2790,3,2010,18,1,30,30,15,Bleach+Water,SandSoil,0
2791,3,2010,18,1,30,30,15,Bleach+Water,SandSoil,0
2792,3,2010,18,1,30,30,15,Bleach+Water,SandSoil,0
2793,3,2010,18,1,30,30,15,Bleach+Water,SandSoil,0
2794,3,2010,18,1,30,30,15,Bleach+Water,SandSoil,0
2795,3,2010,18,1,30,30,15,Bleach+Water,SandSoil,0
2796,3,2010,18,1,30,30,15,Bleach+Water,SandSoil,0
2797,3,2010,18,1,30,30,15,Bleach+Water,SandSoil,0
2798,3,2010,18,1,30,30,15,Bleach+Water,SandSoil,0
2799,3,2010,18,1,30,30,15,Bleach+Water,SandSoil,0
3007,3,2010,18,1,30,30,15,Ethylene,SandSoil,0
3008,3,2010,18,1,30,30,15,Ethylene,SandSoil,0
3009,3,2010,18,1,30,30,15,Ethylene,SandSoil,0
3010,3,2010,18,1,30,30,15,Ethylene,SandSoil,0
3011,3,2010,18,1,30,30,15,Ethylene,SandSoil,0
3012,3,2010,18,1,30,30,15,Ethylene,SandSoil,0
3013,3,2010,18,1,30,30,15,Ethylene,SandSoil,0
3014,3,2010,18,1,30,30,15,Ethylene,SandSoil,0
3015,3,2010,18,1,30,30,15,Ethylene,SandSoil,0
3016,3,2010,18,1,30,30,15,Ethylene,SandSoil,0
3017,3,2010,18,1,30,30,15,Ethylene,SandSoil,0
3018,3,2010,18,1,30,30,15,Ethylene,SandSoil,0
3215,3,2010,18,1,30,30,15,Gibberellic Acid,SandSoil,0
3216,3,2010,18,1,30,30,15,Gibberellic Acid,SandSoil,0
3217,3,2010,18,1,30,30,15,Gibberellic Acid,SandSoil,0
3218,3,2010,18,1,30,30,15,Gibberellic Acid,SandSoil,0
3219,3,2010,18,1,30,30,15,Gibberellic Acid,SandSoil,0
3220,3,2010,18,1,30,30,15,Gibberellic Acid,SandSoil,0
3221,3,2010,18,1,30,30,15,Gibberellic Acid,SandSoil,0
3222,3,2010,18,1,30,30,15,Gibberellic Acid,SandSoil,0
3223,3,2010,18,1,30,30,15,Gibberellic Acid,SandSoil,0
3224,3,2010,18,1,30,30,15,Gibberellic Acid,SandSoil,0
3225,3,2010,18,1,30,30,15,Gibberellic Acid,SandSoil,0
3226,3,2010,18,1,30,30,15,Gibberellic Acid,SandSoil,0
3659,3,2010,18,1,30,30,15,Water Bath,SandSoil,0
3660,3,2010,18,1,30,30,15,Water Bath,SandSoil,0
3661,3,2010,18,1,30,30,15,Water Bath,SandSoil,0
3662,3,2010,18,1,30,30,15,Water Bath,SandSoil,0
3663,3,2010,18,1,30,30,15,Water Bath,SandSoil,0
3664,3,2010,18,1,30,30,15,Water Bath,SandSoil,0
3665,3,2010,18,1,30,30,15,Water Bath,SandSoil,0
3666,3,2010,18,1,30,30,15,Water Bath,SandSoil,0
3667,3,2010,18,1,30,30,15,Water Bath,SandSoil,0
3668,3,2010,18,1,30,30,15,Water Bath,SandSoil,0
3669,3,2010,18,1,30,30,15,Water Bath,SandSoil,0
3670,3,2010,18,1,30,30,15,Water Bath,SandSoil,0
2313,3,2010,20,1,30,30,15,Auxin,SandSoil,0
2314,3,2010,20,1,30,30,15,Auxin,SandSoil,0
2315,3,2010,20,1,30,30,15,Auxin,SandSoil,0
2316,3,2010,20,1,30,30,15,Auxin,SandSoil,0
2317,3,2010,20,1,30,30,15,Auxin,SandSoil,0
2318,3,2010,20,1,30,30,15,Auxin,SandSoil,0
2319,3,2010,20,1,30,30,15,Auxin,SandSoil,0
2320,3,2010,20,1,30,30,15,Auxin,SandSoil,0
2321,3,2010,20,1,30,30,15,Auxin,SandSoil,0
2322,3,2010,20,1,30,30,15,Auxin,SandSoil,0
2323,3,2010,20,1,30,30,15,Auxin,SandSoil,0
2324,3,2010,20,1,30,30,15,Auxin,SandSoil,0
2325,3,2010,20,1,30,30,15,Auxin,SandSoil,0
2326,3,2010,20,1,30,30,15,Auxin,SandSoil,0
2327,3,2010,20,1,30,30,15,Auxin,SandSoil,0
2328,3,2010,20,1,30,30,15,Auxin,SandSoil,0
2329,3,2010,20,1,30,30,15,Auxin,SandSoil,0
2330,3,2010,20,1,30,30,15,Auxin,SandSoil,0
2331,3,2010,20,1,30,30,15,Auxin,SandSoil,0
2332,3,2010,20,1,30,30,15,Auxin,SandSoil,0
2333,3,2010,20,1,30,30,15,Auxin,SandSoil,0
2334,3,2010,20,1,30,30,15,Auxin,SandSoil,0
2335,3,2010,20,1,30,30,15,Auxin,SandSoil,0
2336,3,2010,20,1,30,30,15,Auxin,SandSoil,0
2337,3,2010,20,1,30,30,15,Auxin,SandSoil,0
2338,3,2010,20,1,30,30,15,Auxin,SandSoil,0
2339,3,2010,20,1,30,30,15,Auxin,SandSoil,0
2340,3,2010,20,1,30,30,15,Auxin,SandSoil,0
2341,3,2010,20,1,30,30,15,Auxin,SandSoil,0
2342,3,2010,20,1,30,30,15,Auxin,SandSoil,0
2343,3,2010,20,1,30,30,15,Auxin,SandSoil,0
2344,3,2010,20,1,30,30,15,Auxin,SandSoil,0
2345,3,2010,20,1,30,30,15,Auxin,SandSoil,0
2346,3,2010,20,1,30,30,15,Auxin,SandSoil,0
2347,3,2010,20,1,30,30,15,Auxin,SandSoil,0
2348,3,2010,20,1,30,30,15,Auxin,SandSoil,0
2529,3,2010,20,1,30,30,15,Bleach,SandSoil,0
2530,3,2010,20,1,30,30,15,Bleach,SandSoil,0
2531,3,2010,20,1,30,30,15,Bleach,SandSoil,0
2532,3,2010,20,1,30,30,15,Bleach,SandSoil,0
2533,3,2010,20,1,30,30,15,Bleach,SandSoil,0
2534,3,2010,20,1,30,30,15,Bleach,SandSoil,0
2535,3,2010,20,1,30,30,15,Bleach,SandSoil,0
2536,3,2010,20,1,30,30,15,Bleach,SandSoil,0
2537,3,2010,20,1,30,30,15,Bleach,SandSoil,0
2538,3,2010,20,1,30,30,15,Bleach,SandSoil,0
2539,3,2010,20,1,30,30,15,Bleach,SandSoil,0
2540,3,2010,20,1,30,30,15,Bleach,SandSoil,0
2541,3,2010,20,1,30,30,15,Bleach,SandSoil,0
2542,3,2010,20,1,30,30,15,Bleach,SandSoil,0
2543,3,2010,20,1,30,30,15,Bleach,SandSoil,0
2544,3,2010,20,1,30,30,15,Bleach,SandSoil,0
2545,3,2010,20,1,30,30,15,Bleach,SandSoil,0
2546,3,2010,20,1,30,30,15,Bleach,SandSoil,0
2547,3,2010,20,1,30,30,15,Bleach,SandSoil,0
2548,3,2010,20,1,30,30,15,Bleach,SandSoil,0
2549,3,2010,20,1,30,30,15,Bleach,SandSoil,0
2550,3,2010,20,1,30,30,15,Bleach,SandSoil,0
2551,3,2010,20,1,30,30,15,Bleach,SandSoil,0
2552,3,2010,20,1,30,30,15,Bleach,SandSoil,0
2553,3,2010,20,1,30,30,15,Bleach,SandSoil,0
2554,3,2010,20,1,30,30,15,Bleach,SandSoil,0
2555,3,2010,20,1,30,30,15,Bleach,SandSoil,0
2556,3,2010,20,1,30,30,15,Bleach,SandSoil,0
2557,3,2010,20,1,30,30,15,Bleach,SandSoil,0
2558,3,2010,20,1,30,30,15,Bleach,SandSoil,0
2559,3,2010,20,1,30,30,15,Bleach,SandSoil,0
2560,3,2010,20,1,30,30,15,Bleach,SandSoil,0
2561,3,2010,20,1,30,30,15,Bleach,SandSoil,0
2562,3,2010,20,1,30,30,15,Bleach,SandSoil,0
2563,3,2010,20,1,30,30,15,Bleach,SandSoil,0
2741,3,2010,20,1,30,30,15,Bleach+Water,SandSoil,0
2742,3,2010,20,1,30,30,15,Bleach+Water,SandSoil,0
2743,3,2010,20,1,30,30,15,Bleach+Water,SandSoil,0
2744,3,2010,20,1,30,30,15,Bleach+Water,SandSoil,0
2745,3,2010,20,1,30,30,15,Bleach+Water,SandSoil,0
2746,3,2010,20,1,30,30,15,Bleach+Water,SandSoil,0
2747,3,2010,20,1,30,30,15,Bleach+Water,SandSoil,0
2748,3,2010,20,1,30,30,15,Bleach+Water,SandSoil,0
2749,3,2010,20,1,30,30,15,Bleach+Water,SandSoil,0
2750,3,2010,20,1,30,30,15,Bleach+Water,SandSoil,0
2751,3,2010,20,1,30,30,15,Bleach+Water,SandSoil,0
2752,3,2010,20,1,30,30,15,Bleach+Water,SandSoil,0
2753,3,2010,20,1,30,30,15,Bleach+Water,SandSoil,0
2754,3,2010,20,1,30,30,15,Bleach+Water,SandSoil,0
2755,3,2010,20,1,30,30,15,Bleach+Water,SandSoil,0
2756,3,2010,20,1,30,30,15,Bleach+Water,SandSoil,0
2757,3,2010,20,1,30,30,15,Bleach+Water,SandSoil,0
2758,3,2010,20,1,30,30,15,Bleach+Water,SandSoil,0
2759,3,2010,20,1,30,30,15,Bleach+Water,SandSoil,0
2760,3,2010,20,1,30,30,15,Bleach+Water,SandSoil,0
2761,3,2010,20,1,30,30,15,Bleach+Water,SandSoil,0
2762,3,2010,20,1,30,30,15,Bleach+Water,SandSoil,0
2763,3,2010,20,1,30,30,15,Bleach+Water,SandSoil,0
2764,3,2010,20,1,30,30,15,Bleach+Water,SandSoil,0
2765,3,2010,20,1,30,30,15,Bleach+Water,SandSoil,0
2766,3,2010,20,1,30,30,15,Bleach+Water,SandSoil,0
2767,3,2010,20,1,30,30,15,Bleach+Water,SandSoil,0
2768,3,2010,20,1,30,30,15,Bleach+Water,SandSoil,0
2769,3,2010,20,1,30,30,15,Bleach+Water,SandSoil,0
2770,3,2010,20,1,30,30,15,Bleach+Water,SandSoil,0
2771,3,2010,20,1,30,30,15,Bleach+Water,SandSoil,0
2772,3,2010,20,1,30,30,15,Bleach+Water,SandSoil,0
2773,3,2010,20,1,30,30,15,Bleach+Water,SandSoil,0
2774,3,2010,20,1,30,30,15,Bleach+Water,SandSoil,0
2775,3,2010,20,1,30,30,15,Bleach+Water,SandSoil,0
2961,3,2010,20,1,30,30,15,Ethylene,SandSoil,0
2962,3,2010,20,1,30,30,15,Ethylene,SandSoil,0
2963,3,2010,20,1,30,30,15,Ethylene,SandSoil,0
2964,3,2010,20,1,30,30,15,Ethylene,SandSoil,0
2965,3,2010,20,1,30,30,15,Ethylene,SandSoil,0
2966,3,2010,20,1,30,30,15,Ethylene,SandSoil,0
2967,3,2010,20,1,30,30,15,Ethylene,SandSoil,0
2968,3,2010,20,1,30,30,15,Ethylene,SandSoil,0
2969,3,2010,20,1,30,30,15,Ethylene,SandSoil,0
2970,3,2010,20,1,30,30,15,Ethylene,SandSoil,0
2971,3,2010,20,1,30,30,15,Ethylene,SandSoil,0
2972,3,2010,20,1,30,30,15,Ethylene,SandSoil,0
2973,3,2010,20,1,30,30,15,Ethylene,SandSoil,0
2974,3,2010,20,1,30,30,15,Ethylene,SandSoil,0
2975,3,2010,20,1,30,30,15,Ethylene,SandSoil,0
2976,3,2010,20,1,30,30,15,Ethylene,SandSoil,0
2977,3,2010,20,1,30,30,15,Ethylene,SandSoil,0
2978,3,2010,20,1,30,30,15,Ethylene,SandSoil,0
2979,3,2010,20,1,30,30,15,Ethylene,SandSoil,0
2980,3,2010,20,1,30,30,15,Ethylene,SandSoil,0
2981,3,2010,20,1,30,30,15,Ethylene,SandSoil,0
2982,3,2010,20,1,30,30,15,Ethylene,SandSoil,0
2983,3,2010,20,1,30,30,15,Ethylene,SandSoil,0
2984,3,2010,20,1,30,30,15,Ethylene,SandSoil,0
2985,3,2010,20,1,30,30,15,Ethylene,SandSoil,0
2986,3,2010,20,1,30,30,15,Ethylene,SandSoil,0
2987,3,2010,20,1,30,30,15,Ethylene,SandSoil,0
2988,3,2010,20,1,30,30,15,Ethylene,SandSoil,0
2989,3,2010,20,1,30,30,15,Ethylene,SandSoil,0
2990,3,2010,20,1,30,30,15,Ethylene,SandSoil,0
2991,3,2010,20,1,30,30,15,Ethylene,SandSoil,0
2992,3,2010,20,1,30,30,15,Ethylene,SandSoil,0
2993,3,2010,20,1,30,30,15,Ethylene,SandSoil,0
2994,3,2010,20,1,30,30,15,Ethylene,SandSoil,0
3167,3,2010,20,1,30,30,15,Gibberellic Acid,SandSoil,0
3168,3,2010,20,1,30,30,15,Gibberellic Acid,SandSoil,0
3169,3,2010,20,1,30,30,15,Gibberellic Acid,SandSoil,0
3170,3,2010,20,1,30,30,15,Gibberellic Acid,SandSoil,0
3171,3,2010,20,1,30,30,15,Gibberellic Acid,SandSoil,0
3172,3,2010,20,1,30,30,15,Gibberellic Acid,SandSoil,0
3173,3,2010,20,1,30,30,15,Gibberellic Acid,SandSoil,0
3174,3,2010,20,1,30,30,15,Gibberellic Acid,SandSoil,0
3175,3,2010,20,1,30,30,15,Gibberellic Acid,SandSoil,0
3176,3,2010,20,1,30,30,15,Gibberellic Acid,SandSoil,0
3177,3,2010,20,1,30,30,15,Gibberellic Acid,SandSoil,0
3178,3,2010,20,1,30,30,15,Gibberellic Acid,SandSoil,0
3179,3,2010,20,1,30,30,15,Gibberellic Acid,SandSoil,0
3180,3,2010,20,1,30,30,15,Gibberellic Acid,SandSoil,0
3181,3,2010,20,1,30,30,15,Gibberellic Acid,SandSoil,0
3182,3,2010,20,1,30,30,15,Gibberellic Acid,SandSoil,0
3183,3,2010,20,1,30,30,15,Gibberellic Acid,SandSoil,0
3184,3,2010,20,1,30,30,15,Gibberellic Acid,SandSoil,0
3185,3,2010,20,1,30,30,15,Gibberellic Acid,SandSoil,0
3186,3,2010,20,1,30,30,15,Gibberellic Acid,SandSoil,0
3187,3,2010,20,1,30,30,15,Gibberellic Acid,SandSoil,0
3188,3,2010,20,1,30,30,15,Gibberellic Acid,SandSoil,0
3189,3,2010,20,1,30,30,15,Gibberellic Acid,SandSoil,0
3190,3,2010,20,1,30,30,15,Gibberellic Acid,SandSoil,0
3191,3,2010,20,1,30,30,15,Gibberellic Acid,SandSoil,0
3192,3,2010,20,1,30,30,15,Gibberellic Acid,SandSoil,0
3193,3,2010,20,1,30,30,15,Gibberellic Acid,SandSoil,0
3194,3,2010,20,1,30,30,15,Gibberellic Acid,SandSoil,0
3195,3,2010,20,1,30,30,15,Gibberellic Acid,SandSoil,0
3196,3,2010,20,1,30,30,15,Gibberellic Acid,SandSoil,0
3197,3,2010,20,1,30,30,15,Gibberellic Acid,SandSoil,0
3198,3,2010,20,1,30,30,15,Gibberellic Acid,SandSoil,0
3199,3,2010,20,1,30,30,15,Gibberellic Acid,SandSoil,0
3200,3,2010,20,1,30,30,15,Gibberellic Acid,SandSoil,0
3201,3,2010,20,1,30,30,15,Gibberellic Acid,SandSoil,0
3202,3,2010,20,1,30,30,15,Gibberellic Acid,SandSoil,0
3612,3,2010,20,1,30,30,15,Water Bath,SandSoil,0
3613,3,2010,20,1,30,30,15,Water Bath,SandSoil,0
3614,3,2010,20,1,30,30,15,Water Bath,SandSoil,0
3615,3,2010,20,1,30,30,15,Water Bath,SandSoil,0
3616,3,2010,20,1,30,30,15,Water Bath,SandSoil,0
3617,3,2010,20,1,30,30,15,Water Bath,SandSoil,0
3618,3,2010,20,1,30,30,15,Water Bath,SandSoil,0
3619,3,2010,20,1,30,30,15,Water Bath,SandSoil,0
3620,3,2010,20,1,30,30,15,Water Bath,SandSoil,0
3621,3,2010,20,1,30,30,15,Water Bath,SandSoil,0
3622,3,2010,20,1,30,30,15,Water Bath,SandSoil,0
3623,3,2010,20,1,30,30,15,Water Bath,SandSoil,0
3624,3,2010,20,1,30,30,15,Water Bath,SandSoil,0
3625,3,2010,20,1,30,30,15,Water Bath,SandSoil,0
3626,3,2010,20,1,30,30,15,Water Bath,SandSoil,0
3627,3,2010,20,1,30,30,15,Water Bath,SandSoil,0
3628,3,2010,20,1,30,30,15,Water Bath,SandSoil,0
3629,3,2010,20,1,30,30,15,Water Bath,SandSoil,0
3630,3,2010,20,1,30,30,15,Water Bath,SandSoil,0
3631,3,2010,20,1,30,30,15,Water Bath,SandSoil,0
3632,3,2010,20,1,30,30,15,Water Bath,SandSoil,0
3633,3,2010,20,1,30,30,15,Water Bath,SandSoil,0
3634,3,2010,20,1,30,30,15,Water Bath,SandSoil,0
3635,3,2010,20,1,30,30,15,Water Bath,SandSoil,0
3636,3,2010,20,1,30,30,15,Water Bath,SandSoil,0
3637,3,2010,20,1,30,30,15,Water Bath,SandSoil,0
3638,3,2010,20,1,30,30,15,Water Bath,SandSoil,0
3639,3,2010,20,1,30,30,15,Water Bath,SandSoil,0
3640,3,2010,20,1,30,30,15,Water Bath,SandSoil,0
3641,3,2010,20,1,30,30,15,Water Bath,SandSoil,0
3642,3,2010,20,1,30,30,15,Water Bath,SandSoil,0
3643,3,2010,20,1,30,30,15,Water Bath,SandSoil,0
3644,3,2010,20,1,30,30,15,Water Bath,SandSoil,0
3645,3,2010,20,1,30,30,15,Water Bath,SandSoil,0
3646,3,2010,20,1,30,30,15,Water Bath,SandSoil,0
2251,3,2010,22,1,30,30,15,Auxin,SandSoil,0
2252,3,2010,22,1,30,30,15,Auxin,SandSoil,0
2253,3,2010,22,1,30,30,15,Auxin,SandSoil,0
2254,3,2010,22,1,30,30,15,Auxin,SandSoil,0
2255,3,2010,22,1,30,30,15,Auxin,SandSoil,0
2256,3,2010,22,1,30,30,15,Auxin,SandSoil,0
2257,3,2010,22,1,30,30,15,Auxin,SandSoil,0
2258,3,2010,22,1,30,30,15,Auxin,SandSoil,0
2259,3,2010,22,1,30,30,15,Auxin,SandSoil,0
2260,3,2010,22,1,30,30,15,Auxin,SandSoil,0
2261,3,2010,22,1,30,30,15,Auxin,SandSoil,0
2262,3,2010,22,1,30,30,15,Auxin,SandSoil,0
2263,3,2010,22,1,30,30,15,Auxin,SandSoil,0
2264,3,2010,22,1,30,30,15,Auxin,SandSoil,0
2265,3,2010,22,1,30,30,15,Auxin,SandSoil,0
2266,3,2010,22,1,30,30,15,Auxin,SandSoil,0
2267,3,2010,22,1,30,30,15,Auxin,SandSoil,0
2268,3,2010,22,1,30,30,15,Auxin,SandSoil,0
2269,3,2010,22,1,30,30,15,Auxin,SandSoil,0
2270,3,2010,22,1,30,30,15,Auxin,SandSoil,0
2271,3,2010,22,1,30,30,15,Auxin,SandSoil,0
2272,3,2010,22,1,30,30,15,Auxin,SandSoil,0
2273,3,2010,22,1,30,30,15,Auxin,SandSoil,0
2274,3,2010,22,1,30,30,15,Auxin,SandSoil,0
2275,3,2010,22,1,30,30,15,Auxin,SandSoil,0
2276,3,2010,22,1,30,30,15,Auxin,SandSoil,0
2277,3,2010,22,1,30,30,15,Auxin,SandSoil,0
2278,3,2010,22,1,30,30,15,Auxin,SandSoil,0
2279,3,2010,22,1,30,30,15,Auxin,SandSoil,0
2280,3,2010,22,1,30,30,15,Auxin,SandSoil,0
2281,3,2010,22,1,30,30,15,Auxin,SandSoil,0
2282,3,2010,22,1,30,30,15,Auxin,SandSoil,0
2283,3,2010,22,1,30,30,15,Auxin,SandSoil,0
2284,3,2010,22,1,30,30,15,Auxin,SandSoil,0
2285,3,2010,22,1,30,30,15,Auxin,SandSoil,0
2286,3,2010,22,1,30,30,15,Auxin,SandSoil,0
2287,3,2010,22,1,30,30,15,Auxin,SandSoil,0
2288,3,2010,22,1,30,30,15,Auxin,SandSoil,0
2289,3,2010,22,1,30,30,15,Auxin,SandSoil,0
2290,3,2010,22,1,30,30,15,Auxin,SandSoil,0
2291,3,2010,22,1,30,30,15,Auxin,SandSoil,0
2292,3,2010,22,1,30,30,15,Auxin,SandSoil,0
2293,3,2010,22,1,30,30,15,Auxin,SandSoil,0
2294,3,2010,22,1,30,30,15,Auxin,SandSoil,0
2295,3,2010,22,1,30,30,15,Auxin,SandSoil,0
2296,3,2010,22,1,30,30,15,Auxin,SandSoil,0
2297,3,2010,22,1,30,30,15,Auxin,SandSoil,0
2298,3,2010,22,1,30,30,15,Auxin,SandSoil,0
2299,3,2010,22,1,30,30,15,Auxin,SandSoil,0
2300,3,2010,22,1,30,30,15,Auxin,SandSoil,0
2301,3,2010,22,1,30,30,15,Auxin,SandSoil,0
2302,3,2010,22,1,30,30,15,Auxin,SandSoil,0
2303,3,2010,22,1,30,30,15,Auxin,SandSoil,0
2304,3,2010,22,1,30,30,15,Auxin,SandSoil,0
2305,3,2010,22,1,30,30,15,Auxin,SandSoil,0
2306,3,2010,22,1,30,30,15,Auxin,SandSoil,0
2307,3,2010,22,1,30,30,15,Auxin,SandSoil,0
2308,3,2010,22,1,30,30,15,Auxin,SandSoil,0
2309,3,2010,22,1,30,30,15,Auxin,SandSoil,0
2310,3,2010,22,1,30,30,15,Auxin,SandSoil,0
2311,3,2010,22,1,30,30,15,Auxin,SandSoil,0
2312,3,2010,22,1,30,30,15,Auxin,SandSoil,0
2467,3,2010,22,1,30,30,15,Bleach,SandSoil,0
2468,3,2010,22,1,30,30,15,Bleach,SandSoil,0
2469,3,2010,22,1,30,30,15,Bleach,SandSoil,0
2470,3,2010,22,1,30,30,15,Bleach,SandSoil,0
2471,3,2010,22,1,30,30,15,Bleach,SandSoil,0
2472,3,2010,22,1,30,30,15,Bleach,SandSoil,0
2473,3,2010,22,1,30,30,15,Bleach,SandSoil,0
2474,3,2010,22,1,30,30,15,Bleach,SandSoil,0
2475,3,2010,22,1,30,30,15,Bleach,SandSoil,0
2476,3,2010,22,1,30,30,15,Bleach,SandSoil,0
2477,3,2010,22,1,30,30,15,Bleach,SandSoil,0
2478,3,2010,22,1,30,30,15,Bleach,SandSoil,0
2479,3,2010,22,1,30,30,15,Bleach,SandSoil,0
2480,3,2010,22,1,30,30,15,Bleach,SandSoil,0
2481,3,2010,22,1,30,30,15,Bleach,SandSoil,0
2482,3,2010,22,1,30,30,15,Bleach,SandSoil,0
2483,3,2010,22,1,30,30,15,Bleach,SandSoil,0
2484,3,2010,22,1,30,30,15,Bleach,SandSoil,0
2485,3,2010,22,1,30,30,15,Bleach,SandSoil,0
2486,3,2010,22,1,30,30,15,Bleach,SandSoil,0
2487,3,2010,22,1,30,30,15,Bleach,SandSoil,0
2488,3,2010,22,1,30,30,15,Bleach,SandSoil,0
2489,3,2010,22,1,30,30,15,Bleach,SandSoil,0
2490,3,2010,22,1,30,30,15,Bleach,SandSoil,0
2491,3,2010,22,1,30,30,15,Bleach,SandSoil,0
2492,3,2010,22,1,30,30,15,Bleach,SandSoil,0
2493,3,2010,22,1,30,30,15,Bleach,SandSoil,0
2494,3,2010,22,1,30,30,15,Bleach,SandSoil,0
2495,3,2010,22,1,30,30,15,Bleach,SandSoil,0
2496,3,2010,22,1,30,30,15,Bleach,SandSoil,0
2497,3,2010,22,1,30,30,15,Bleach,SandSoil,0
2498,3,2010,22,1,30,30,15,Bleach,SandSoil,0
2499,3,2010,22,1,30,30,15,Bleach,SandSoil,0
2500,3,2010,22,1,30,30,15,Bleach,SandSoil,0
2501,3,2010,22,1,30,30,15,Bleach,SandSoil,0
2502,3,2010,22,1,30,30,15,Bleach,SandSoil,0
2503,3,2010,22,1,30,30,15,Bleach,SandSoil,0
2504,3,2010,22,1,30,30,15,Bleach,SandSoil,0
2505,3,2010,22,1,30,30,15,Bleach,SandSoil,0
2506,3,2010,22,1,30,30,15,Bleach,SandSoil,0
2507,3,2010,22,1,30,30,15,Bleach,SandSoil,0
2508,3,2010,22,1,30,30,15,Bleach,SandSoil,0
2509,3,2010,22,1,30,30,15,Bleach,SandSoil,0
2510,3,2010,22,1,30,30,15,Bleach,SandSoil,0
2511,3,2010,22,1,30,30,15,Bleach,SandSoil,0
2512,3,2010,22,1,30,30,15,Bleach,SandSoil,0
2513,3,2010,22,1,30,30,15,Bleach,SandSoil,0
2514,3,2010,22,1,30,30,15,Bleach,SandSoil,0
2515,3,2010,22,1,30,30,15,Bleach,SandSoil,0
2516,3,2010,22,1,30,30,15,Bleach,SandSoil,0
2517,3,2010,22,1,30,30,15,Bleach,SandSoil,0
2518,3,2010,22,1,30,30,15,Bleach,SandSoil,0
2519,3,2010,22,1,30,30,15,Bleach,SandSoil,0
2520,3,2010,22,1,30,30,15,Bleach,SandSoil,0
2521,3,2010,22,1,30,30,15,Bleach,SandSoil,0
2522,3,2010,22,1,30,30,15,Bleach,SandSoil,0
2523,3,2010,22,1,30,30,15,Bleach,SandSoil,0
2524,3,2010,22,1,30,30,15,Bleach,SandSoil,0
2525,3,2010,22,1,30,30,15,Bleach,SandSoil,0
2526,3,2010,22,1,30,30,15,Bleach,SandSoil,0
2527,3,2010,22,1,30,30,15,Bleach,SandSoil,0
2528,3,2010,22,1,30,30,15,Bleach,SandSoil,0
2681,3,2010,22,1,30,30,15,Bleach+Water,SandSoil,0
2682,3,2010,22,1,30,30,15,Bleach+Water,SandSoil,0
2683,3,2010,22,1,30,30,15,Bleach+Water,SandSoil,0
2684,3,2010,22,1,30,30,15,Bleach+Water,SandSoil,0
2685,3,2010,22,1,30,30,15,Bleach+Water,SandSoil,0
2686,3,2010,22,1,30,30,15,Bleach+Water,SandSoil,0
2687,3,2010,22,1,30,30,15,Bleach+Water,SandSoil,0
2688,3,2010,22,1,30,30,15,Bleach+Water,SandSoil,0
2689,3,2010,22,1,30,30,15,Bleach+Water,SandSoil,0
2690,3,2010,22,1,30,30,15,Bleach+Water,SandSoil,0
2691,3,2010,22,1,30,30,15,Bleach+Water,SandSoil,0
2692,3,2010,22,1,30,30,15,Bleach+Water,SandSoil,0
2693,3,2010,22,1,30,30,15,Bleach+Water,SandSoil,0
2694,3,2010,22,1,30,30,15,Bleach+Water,SandSoil,0
2695,3,2010,22,1,30,30,15,Bleach+Water,SandSoil,0
2696,3,2010,22,1,30,30,15,Bleach+Water,SandSoil,0
2697,3,2010,22,1,30,30,15,Bleach+Water,SandSoil,0
2698,3,2010,22,1,30,30,15,Bleach+Water,SandSoil,0
2699,3,2010,22,1,30,30,15,Bleach+Water,SandSoil,0
2700,3,2010,22,1,30,30,15,Bleach+Water,SandSoil,0
2701,3,2010,22,1,30,30,15,Bleach+Water,SandSoil,0
2702,3,2010,22,1,30,30,15,Bleach+Water,SandSoil,0
2703,3,2010,22,1,30,30,15,Bleach+Water,SandSoil,0
2704,3,2010,22,1,30,30,15,Bleach+Water,SandSoil,0
2705,3,2010,22,1,30,30,15,Bleach+Water,SandSoil,0
2706,3,2010,22,1,30,30,15,Bleach+Water,SandSoil,0
2707,3,2010,22,1,30,30,15,Bleach+Water,SandSoil,0
2708,3,2010,22,1,30,30,15,Bleach+Water,SandSoil,0
2709,3,2010,22,1,30,30,15,Bleach+Water,SandSoil,0
2710,3,2010,22,1,30,30,15,Bleach+Water,SandSoil,0
2711,3,2010,22,1,30,30,15,Bleach+Water,SandSoil,0
2712,3,2010,22,1,30,30,15,Bleach+Water,SandSoil,0
2713,3,2010,22,1,30,30,15,Bleach+Water,SandSoil,0
2714,3,2010,22,1,30,30,15,Bleach+Water,SandSoil,0
2715,3,2010,22,1,30,30,15,Bleach+Water,SandSoil,0
2716,3,2010,22,1,30,30,15,Bleach+Water,SandSoil,0
2717,3,2010,22,1,30,30,15,Bleach+Water,SandSoil,0
2718,3,2010,22,1,30,30,15,Bleach+Water,SandSoil,0
2719,3,2010,22,1,30,30,15,Bleach+Water,SandSoil,0
2720,3,2010,22,1,30,30,15,Bleach+Water,SandSoil,0
2721,3,2010,22,1,30,30,15,Bleach+Water,SandSoil,0
2722,3,2010,22,1,30,30,15,Bleach+Water,SandSoil,0
2723,3,2010,22,1,30,30,15,Bleach+Water,SandSoil,0
2724,3,2010,22,1,30,30,15,Bleach+Water,SandSoil,0
2725,3,2010,22,1,30,30,15,Bleach+Water,SandSoil,0
2726,3,2010,22,1,30,30,15,Bleach+Water,SandSoil,0
2727,3,2010,22,1,30,30,15,Bleach+Water,SandSoil,0
2728,3,2010,22,1,30,30,15,Bleach+Water,SandSoil,0
2729,3,2010,22,1,30,30,15,Bleach+Water,SandSoil,0
2730,3,2010,22,1,30,30,15,Bleach+Water,SandSoil,0
2731,3,2010,22,1,30,30,15,Bleach+Water,SandSoil,0
2732,3,2010,22,1,30,30,15,Bleach+Water,SandSoil,0
2733,3,2010,22,1,30,30,15,Bleach+Water,SandSoil,0
2734,3,2010,22,1,30,30,15,Bleach+Water,SandSoil,0
2735,3,2010,22,1,30,30,15,Bleach+Water,SandSoil,0
2736,3,2010,22,1,30,30,15,Bleach+Water,SandSoil,0
2737,3,2010,22,1,30,30,15,Bleach+Water,SandSoil,0
2738,3,2010,22,1,30,30,15,Bleach+Water,SandSoil,0
2739,3,2010,22,1,30,30,15,Bleach+Water,SandSoil,0
2740,3,2010,22,1,30,30,15,Bleach+Water,SandSoil,0
2897,3,2010,22,1,30,30,15,Ethylene,SandSoil,0
2898,3,2010,22,1,30,30,15,Ethylene,SandSoil,0
2899,3,2010,22,1,30,30,15,Ethylene,SandSoil,0
2900,3,2010,22,1,30,30,15,Ethylene,SandSoil,0
2901,3,2010,22,1,30,30,15,Ethylene,SandSoil,0
2902,3,2010,22,1,30,30,15,Ethylene,SandSoil,0
2903,3,2010,22,1,30,30,15,Ethylene,SandSoil,0
2904,3,2010,22,1,30,30,15,Ethylene,SandSoil,0
2905,3,2010,22,1,30,30,15,Ethylene,SandSoil,0
2906,3,2010,22,1,30,30,15,Ethylene,SandSoil,0
2907,3,2010,22,1,30,30,15,Ethylene,SandSoil,0
2908,3,2010,22,1,30,30,15,Ethylene,SandSoil,0
2909,3,2010,22,1,30,30,15,Ethylene,SandSoil,0
2910,3,2010,22,1,30,30,15,Ethylene,SandSoil,0
2911,3,2010,22,1,30,30,15,Ethylene,SandSoil,0
2912,3,2010,22,1,30,30,15,Ethylene,SandSoil,0
2913,3,2010,22,1,30,30,15,Ethylene,SandSoil,0
2914,3,2010,22,1,30,30,15,Ethylene,SandSoil,0
2915,3,2010,22,1,30,30,15,Ethylene,SandSoil,0
2916,3,2010,22,1,30,30,15,Ethylene,SandSoil,0
2917,3,2010,22,1,30,30,15,Ethylene,SandSoil,0
2918,3,2010,22,1,30,30,15,Ethylene,SandSoil,0
2919,3,2010,22,1,30,30,15,Ethylene,SandSoil,0
2920,3,2010,22,1,30,30,15,Ethylene,SandSoil,0
2921,3,2010,22,1,30,30,15,Ethylene,SandSoil,0
2922,3,2010,22,1,30,30,15,Ethylene,SandSoil,0
2923,3,2010,22,1,30,30,15,Ethylene,SandSoil,0
2924,3,2010,22,1,30,30,15,Ethylene,SandSoil,0
2925,3,2010,22,1,30,30,15,Ethylene,SandSoil,0
2926,3,2010,22,1,30,30,15,Ethylene,SandSoil,0
2927,3,2010,22,1,30,30,15,Ethylene,SandSoil,0
2928,3,2010,22,1,30,30,15,Ethylene,SandSoil,0
2929,3,2010,22,1,30,30,15,Ethylene,SandSoil,0
2930,3,2010,22,1,30,30,15,Ethylene,SandSoil,0
2931,3,2010,22,1,30,30,15,Ethylene,SandSoil,0
2932,3,2010,22,1,30,30,15,Ethylene,SandSoil,0
2933,3,2010,22,1,30,30,15,Ethylene,SandSoil,0
2934,3,2010,22,1,30,30,15,Ethylene,SandSoil,0
2935,3,2010,22,1,30,30,15,Ethylene,SandSoil,0
2936,3,2010,22,1,30,30,15,Ethylene,SandSoil,0
2937,3,2010,22,1,30,30,15,Ethylene,SandSoil,0
2938,3,2010,22,1,30,30,15,Ethylene,SandSoil,0
2939,3,2010,22,1,30,30,15,Ethylene,SandSoil,0
2940,3,2010,22,1,30,30,15,Ethylene,SandSoil,0
2941,3,2010,22,1,30,30,15,Ethylene,SandSoil,0
2942,3,2010,22,1,30,30,15,Ethylene,SandSoil,0
2943,3,2010,22,1,30,30,15,Ethylene,SandSoil,0
2944,3,2010,22,1,30,30,15,Ethylene,SandSoil,0
2945,3,2010,22,1,30,30,15,Ethylene,SandSoil,0
2946,3,2010,22,1,30,30,15,Ethylene,SandSoil,0
2947,3,2010,22,1,30,30,15,Ethylene,SandSoil,0
2948,3,2010,22,1,30,30,15,Ethylene,SandSoil,0
2949,3,2010,22,1,30,30,15,Ethylene,SandSoil,0
2950,3,2010,22,1,30,30,15,Ethylene,SandSoil,0
2951,3,2010,22,1,30,30,15,Ethylene,SandSoil,0
2952,3,2010,22,1,30,30,15,Ethylene,SandSoil,0
2953,3,2010,22,1,30,30,15,Ethylene,SandSoil,0
2954,3,2010,22,1,30,30,15,Ethylene,SandSoil,0
2955,3,2010,22,1,30,30,15,Ethylene,SandSoil,0
2956,3,2010,22,1,30,30,15,Ethylene,SandSoil,0
2957,3,2010,22,1,30,30,15,Ethylene,SandSoil,0
2958,3,2010,22,1,30,30,15,Ethylene,SandSoil,0
2959,3,2010,22,1,30,30,15,Ethylene,SandSoil,0
2960,3,2010,22,1,30,30,15,Ethylene,SandSoil,0
3117,3,2010,22,1,30,30,15,Gibberellic Acid,SandSoil,0
3118,3,2010,22,1,30,30,15,Gibberellic Acid,SandSoil,0
3119,3,2010,22,1,30,30,15,Gibberellic Acid,SandSoil,0
3120,3,2010,22,1,30,30,15,Gibberellic Acid,SandSoil,0
3121,3,2010,22,1,30,30,15,Gibberellic Acid,SandSoil,0
3122,3,2010,22,1,30,30,15,Gibberellic Acid,SandSoil,0
3123,3,2010,22,1,30,30,15,Gibberellic Acid,SandSoil,0
3124,3,2010,22,1,30,30,15,Gibberellic Acid,SandSoil,0
3125,3,2010,22,1,30,30,15,Gibberellic Acid,SandSoil,0
3126,3,2010,22,1,30,30,15,Gibberellic Acid,SandSoil,0
3127,3,2010,22,1,30,30,15,Gibberellic Acid,SandSoil,0
3128,3,2010,22,1,30,30,15,Gibberellic Acid,SandSoil,0
3129,3,2010,22,1,30,30,15,Gibberellic Acid,SandSoil,0
3130,3,2010,22,1,30,30,15,Gibberellic Acid,SandSoil,0
3131,3,2010,22,1,30,30,15,Gibberellic Acid,SandSoil,0
3132,3,2010,22,1,30,30,15,Gibberellic Acid,SandSoil,0
3133,3,2010,22,1,30,30,15,Gibberellic Acid,SandSoil,0
3134,3,2010,22,1,30,30,15,Gibberellic Acid,SandSoil,0
3135,3,2010,22,1,30,30,15,Gibberellic Acid,SandSoil,0
3136,3,2010,22,1,30,30,15,Gibberellic Acid,SandSoil,0
3137,3,2010,22,1,30,30,15,Gibberellic Acid,SandSoil,0
3138,3,2010,22,1,30,30,15,Gibberellic Acid,SandSoil,0
3139,3,2010,22,1,30,30,15,Gibberellic Acid,SandSoil,0
3140,3,2010,22,1,30,30,15,Gibberellic Acid,SandSoil,0
3141,3,2010,22,1,30,30,15,Gibberellic Acid,SandSoil,0
3142,3,2010,22,1,30,30,15,Gibberellic Acid,SandSoil,0
3143,3,2010,22,1,30,30,15,Gibberellic Acid,SandSoil,0
3144,3,2010,22,1,30,30,15,Gibberellic Acid,SandSoil,0
3145,3,2010,22,1,30,30,15,Gibberellic Acid,SandSoil,0
3146,3,2010,22,1,30,30,15,Gibberellic Acid,SandSoil,0
3147,3,2010,22,1,30,30,15,Gibberellic Acid,SandSoil,0
3148,3,2010,22,1,30,30,15,Gibberellic Acid,SandSoil,0
3149,3,2010,22,1,30,30,15,Gibberellic Acid,SandSoil,0
3150,3,2010,22,1,30,30,15,Gibberellic Acid,SandSoil,0
3151,3,2010,22,1,30,30,15,Gibberellic Acid,SandSoil,0
3152,3,2010,22,1,30,30,15,Gibberellic Acid,SandSoil,0
3153,3,2010,22,1,30,30,15,Gibberellic Acid,SandSoil,0
3154,3,2010,22,1,30,30,15,Gibberellic Acid,SandSoil,0
3155,3,2010,22,1,30,30,15,Gibberellic Acid,SandSoil,0
3156,3,2010,22,1,30,30,15,Gibberellic Acid,SandSoil,0
3157,3,2010,22,1,30,30,15,Gibberellic Acid,SandSoil,0
3158,3,2010,22,1,30,30,15,Gibberellic Acid,SandSoil,0
3159,3,2010,22,1,30,30,15,Gibberellic Acid,SandSoil,0
3160,3,2010,22,1,30,30,15,Gibberellic Acid,SandSoil,0
3161,3,2010,22,1,30,30,15,Gibberellic Acid,SandSoil,0
3162,3,2010,22,1,30,30,15,Gibberellic Acid,SandSoil,0
3163,3,2010,22,1,30,30,15,Gibberellic Acid,SandSoil,0
3164,3,2010,22,1,30,30,15,Gibberellic Acid,SandSoil,0
3165,3,2010,22,1,30,30,15,Gibberellic Acid,SandSoil,0
3166,3,2010,22,1,30,30,15,Gibberellic Acid,SandSoil,0
3566,3,2010,22,1,30,30,15,Water Bath,SandSoil,0
3567,3,2010,22,1,30,30,15,Water Bath,SandSoil,0
3568,3,2010,22,1,30,30,15,Water Bath,SandSoil,0
3569,3,2010,22,1,30,30,15,Water Bath,SandSoil,0
3570,3,2010,22,1,30,30,15,Water Bath,SandSoil,0
3571,3,2010,22,1,30,30,15,Water Bath,SandSoil,0
3572,3,2010,22,1,30,30,15,Water Bath,SandSoil,0
3573,3,2010,22,1,30,30,15,Water Bath,SandSoil,0
3574,3,2010,22,1,30,30,15,Water Bath,SandSoil,0
3575,3,2010,22,1,30,30,15,Water Bath,SandSoil,0
3576,3,2010,22,1,30,30,15,Water Bath,SandSoil,0
3577,3,2010,22,1,30,30,15,Water Bath,SandSoil,0
3578,3,2010,22,1,30,30,15,Water Bath,SandSoil,0
3579,3,2010,22,1,30,30,15,Water Bath,SandSoil,0
3580,3,2010,22,1,30,30,15,Water Bath,SandSoil,0
3581,3,2010,22,1,30,30,15,Water Bath,SandSoil,0
3582,3,2010,22,1,30,30,15,Water Bath,SandSoil,0
3583,3,2010,22,1,30,30,15,Water Bath,SandSoil,0
3584,3,2010,22,1,30,30,15,Water Bath,SandSoil,0
3585,3,2010,22,1,30,30,15,Water Bath,SandSoil,0
3586,3,2010,22,1,30,30,15,Water Bath,SandSoil,0
3587,3,2010,22,1,30,30,15,Water Bath,SandSoil,0
3588,3,2010,22,1,30,30,15,Water Bath,SandSoil,0
3589,3,2010,22,1,30,30,15,Water Bath,SandSoil,0
3590,3,2010,22,1,30,30,15,Water Bath,SandSoil,0
3591,3,2010,22,1,30,30,15,Water Bath,SandSoil,0
3592,3,2010,22,1,30,30,15,Water Bath,SandSoil,0
3593,3,2010,22,1,30,30,15,Water Bath,SandSoil,0
3594,3,2010,22,1,30,30,15,Water Bath,SandSoil,0
3595,3,2010,22,1,30,30,15,Water Bath,SandSoil,0
3596,3,2010,22,1,30,30,15,Water Bath,SandSoil,0
3597,3,2010,22,1,30,30,15,Water Bath,SandSoil,0
3598,3,2010,22,1,30,30,15,Water Bath,SandSoil,0
3599,3,2010,22,1,30,30,15,Water Bath,SandSoil,0
3600,3,2010,22,1,30,30,15,Water Bath,SandSoil,0
3601,3,2010,22,1,30,30,15,Water Bath,SandSoil,0
3602,3,2010,22,1,30,30,15,Water Bath,SandSoil,0
3603,3,2010,22,1,30,30,15,Water Bath,SandSoil,0
3604,3,2010,22,1,30,30,15,Water Bath,SandSoil,0
3605,3,2010,22,1,30,30,15,Water Bath,SandSoil,0
3606,3,2010,22,1,30,30,15,Water Bath,SandSoil,0
3607,3,2010,22,1,30,30,15,Water Bath,SandSoil,0
3608,3,2010,22,1,30,30,15,Water Bath,SandSoil,0
3609,3,2010,22,1,30,30,15,Water Bath,SandSoil,0
3610,3,2010,22,1,30,30,15,Water Bath,SandSoil,0
3611,3,2010,22,1,30,30,15,Water Bath,SandSoil,0
2205,3,2010,24,1,30,30,15,Auxin,SandSoil,0
2206,3,2010,24,1,30,30,15,Auxin,SandSoil,0
2207,3,2010,24,1,30,30,15,Auxin,SandSoil,0
2208,3,2010,24,1,30,30,15,Auxin,SandSoil,0
2209,3,2010,24,1,30,30,15,Auxin,SandSoil,0
2210,3,2010,24,1,30,30,15,Auxin,SandSoil,0
2211,3,2010,24,1,30,30,15,Auxin,SandSoil,0
2212,3,2010,24,1,30,30,15,Auxin,SandSoil,0
2213,3,2010,24,1,30,30,15,Auxin,SandSoil,0
2214,3,2010,24,1,30,30,15,Auxin,SandSoil,0
2215,3,2010,24,1,30,30,15,Auxin,SandSoil,0
2216,3,2010,24,1,30,30,15,Auxin,SandSoil,0
2217,3,2010,24,1,30,30,15,Auxin,SandSoil,0
2218,3,2010,24,1,30,30,15,Auxin,SandSoil,0
2219,3,2010,24,1,30,30,15,Auxin,SandSoil,0
2220,3,2010,24,1,30,30,15,Auxin,SandSoil,0
2221,3,2010,24,1,30,30,15,Auxin,SandSoil,0
2222,3,2010,24,1,30,30,15,Auxin,SandSoil,0
2223,3,2010,24,1,30,30,15,Auxin,SandSoil,0
2224,3,2010,24,1,30,30,15,Auxin,SandSoil,0
2225,3,2010,24,1,30,30,15,Auxin,SandSoil,0
2226,3,2010,24,1,30,30,15,Auxin,SandSoil,0
2227,3,2010,24,1,30,30,15,Auxin,SandSoil,0
2228,3,2010,24,1,30,30,15,Auxin,SandSoil,0
2229,3,2010,24,1,30,30,15,Auxin,SandSoil,0
2230,3,2010,24,1,30,30,15,Auxin,SandSoil,0
2231,3,2010,24,1,30,30,15,Auxin,SandSoil,0
2232,3,2010,24,1,30,30,15,Auxin,SandSoil,0
2233,3,2010,24,1,30,30,15,Auxin,SandSoil,0
2234,3,2010,24,1,30,30,15,Auxin,SandSoil,0
2235,3,2010,24,1,30,30,15,Auxin,SandSoil,0
2236,3,2010,24,1,30,30,15,Auxin,SandSoil,0
2237,3,2010,24,1,30,30,15,Auxin,SandSoil,0
2238,3,2010,24,1,30,30,15,Auxin,SandSoil,0
2239,3,2010,24,1,30,30,15,Auxin,SandSoil,0
2240,3,2010,24,1,30,30,15,Auxin,SandSoil,0
2241,3,2010,24,1,30,30,15,Auxin,SandSoil,0
2242,3,2010,24,1,30,30,15,Auxin,SandSoil,0
2243,3,2010,24,1,30,30,15,Auxin,SandSoil,0
2244,3,2010,24,1,30,30,15,Auxin,SandSoil,0
2245,3,2010,24,1,30,30,15,Auxin,SandSoil,0
2246,3,2010,24,1,30,30,15,Auxin,SandSoil,0
2247,3,2010,24,1,30,30,15,Auxin,SandSoil,0
2248,3,2010,24,1,30,30,15,Auxin,SandSoil,0
2249,3,2010,24,1,30,30,15,Auxin,SandSoil,0
2250,3,2010,24,1,30,30,15,Auxin,SandSoil,0
2422,3,2010,24,1,30,30,15,Bleach,SandSoil,0
2423,3,2010,24,1,30,30,15,Bleach,SandSoil,0
2424,3,2010,24,1,30,30,15,Bleach,SandSoil,0
2425,3,2010,24,1,30,30,15,Bleach,SandSoil,0
2426,3,2010,24,1,30,30,15,Bleach,SandSoil,0
2427,3,2010,24,1,30,30,15,Bleach,SandSoil,0
2428,3,2010,24,1,30,30,15,Bleach,SandSoil,0
2429,3,2010,24,1,30,30,15,Bleach,SandSoil,0
2430,3,2010,24,1,30,30,15,Bleach,SandSoil,0
2431,3,2010,24,1,30,30,15,Bleach,SandSoil,0
2432,3,2010,24,1,30,30,15,Bleach,SandSoil,0
2433,3,2010,24,1,30,30,15,Bleach,SandSoil,0
2434,3,2010,24,1,30,30,15,Bleach,SandSoil,0
2435,3,2010,24,1,30,30,15,Bleach,SandSoil,0
2436,3,2010,24,1,30,30,15,Bleach,SandSoil,0
2437,3,2010,24,1,30,30,15,Bleach,SandSoil,0
2438,3,2010,24,1,30,30,15,Bleach,SandSoil,0
2439,3,2010,24,1,30,30,15,Bleach,SandSoil,0
2440,3,2010,24,1,30,30,15,Bleach,SandSoil,0
2441,3,2010,24,1,30,30,15,Bleach,SandSoil,0
2442,3,2010,24,1,30,30,15,Bleach,SandSoil,0
2443,3,2010,24,1,30,30,15,Bleach,SandSoil,0
2444,3,2010,24,1,30,30,15,Bleach,SandSoil,0
2445,3,2010,24,1,30,30,15,Bleach,SandSoil,0
2446,3,2010,24,1,30,30,15,Bleach,SandSoil,0
2447,3,2010,24,1,30,30,15,Bleach,SandSoil,0
2448,3,2010,24,1,30,30,15,Bleach,SandSoil,0
2449,3,2010,24,1,30,30,15,Bleach,SandSoil,0
2450,3,2010,24,1,30,30,15,Bleach,SandSoil,0
2451,3,2010,24,1,30,30,15,Bleach,SandSoil,0
2452,3,2010,24,1,30,30,15,Bleach,SandSoil,0
2453,3,2010,24,1,30,30,15,Bleach,SandSoil,0
2454,3,2010,24,1,30,30,15,Bleach,SandSoil,0
2455,3,2010,24,1,30,30,15,Bleach,SandSoil,0
2456,3,2010,24,1,30,30,15,Bleach,SandSoil,0
2457,3,2010,24,1,30,30,15,Bleach,SandSoil,0
2458,3,2010,24,1,30,30,15,Bleach,SandSoil,0
2459,3,2010,24,1,30,30,15,Bleach,SandSoil,0
2460,3,2010,24,1,30,30,15,Bleach,SandSoil,0
2461,3,2010,24,1,30,30,15,Bleach,SandSoil,0
2462,3,2010,24,1,30,30,15,Bleach,SandSoil,0
2463,3,2010,24,1,30,30,15,Bleach,SandSoil,0
2464,3,2010,24,1,30,30,15,Bleach,SandSoil,0
2465,3,2010,24,1,30,30,15,Bleach,SandSoil,0
2466,3,2010,24,1,30,30,15,Bleach,SandSoil,0
2637,3,2010,24,1,30,30,15,Bleach+Water,SandSoil,0
2638,3,2010,24,1,30,30,15,Bleach+Water,SandSoil,0
2639,3,2010,24,1,30,30,15,Bleach+Water,SandSoil,0
2640,3,2010,24,1,30,30,15,Bleach+Water,SandSoil,0
2641,3,2010,24,1,30,30,15,Bleach+Water,SandSoil,0
2642,3,2010,24,1,30,30,15,Bleach+Water,SandSoil,0
2643,3,2010,24,1,30,30,15,Bleach+Water,SandSoil,0
2644,3,2010,24,1,30,30,15,Bleach+Water,SandSoil,0
2645,3,2010,24,1,30,30,15,Bleach+Water,SandSoil,0
2646,3,2010,24,1,30,30,15,Bleach+Water,SandSoil,0
2647,3,2010,24,1,30,30,15,Bleach+Water,SandSoil,0
2648,3,2010,24,1,30,30,15,Bleach+Water,SandSoil,0
2649,3,2010,24,1,30,30,15,Bleach+Water,SandSoil,0
2650,3,2010,24,1,30,30,15,Bleach+Water,SandSoil,0
2651,3,2010,24,1,30,30,15,Bleach+Water,SandSoil,0
2652,3,2010,24,1,30,30,15,Bleach+Water,SandSoil,0
2653,3,2010,24,1,30,30,15,Bleach+Water,SandSoil,0
2654,3,2010,24,1,30,30,15,Bleach+Water,SandSoil,0
2655,3,2010,24,1,30,30,15,Bleach+Water,SandSoil,0
2656,3,2010,24,1,30,30,15,Bleach+Water,SandSoil,0
2657,3,2010,24,1,30,30,15,Bleach+Water,SandSoil,0
2658,3,2010,24,1,30,30,15,Bleach+Water,SandSoil,0
2659,3,2010,24,1,30,30,15,Bleach+Water,SandSoil,0
2660,3,2010,24,1,30,30,15,Bleach+Water,SandSoil,0
2661,3,2010,24,1,30,30,15,Bleach+Water,SandSoil,0
2662,3,2010,24,1,30,30,15,Bleach+Water,SandSoil,0
2663,3,2010,24,1,30,30,15,Bleach+Water,SandSoil,0
2664,3,2010,24,1,30,30,15,Bleach+Water,SandSoil,0
2665,3,2010,24,1,30,30,15,Bleach+Water,SandSoil,0
2666,3,2010,24,1,30,30,15,Bleach+Water,SandSoil,0
2667,3,2010,24,1,30,30,15,Bleach+Water,SandSoil,0
2668,3,2010,24,1,30,30,15,Bleach+Water,SandSoil,0
2669,3,2010,24,1,30,30,15,Bleach+Water,SandSoil,0
2670,3,2010,24,1,30,30,15,Bleach+Water,SandSoil,0
2671,3,2010,24,1,30,30,15,Bleach+Water,SandSoil,0
2672,3,2010,24,1,30,30,15,Bleach+Water,SandSoil,0
2673,3,2010,24,1,30,30,15,Bleach+Water,SandSoil,0
2674,3,2010,24,1,30,30,15,Bleach+Water,SandSoil,0
2675,3,2010,24,1,30,30,15,Bleach+Water,SandSoil,0
2676,3,2010,24,1,30,30,15,Bleach+Water,SandSoil,0
2677,3,2010,24,1,30,30,15,Bleach+Water,SandSoil,0
2678,3,2010,24,1,30,30,15,Bleach+Water,SandSoil,0
2679,3,2010,24,1,30,30,15,Bleach+Water,SandSoil,0
2680,3,2010,24,1,30,30,15,Bleach+Water,SandSoil,0
2849,3,2010,24,1,30,30,15,Ethylene,SandSoil,0
2850,3,2010,24,1,30,30,15,Ethylene,SandSoil,0
2851,3,2010,24,1,30,30,15,Ethylene,SandSoil,0
2852,3,2010,24,1,30,30,15,Ethylene,SandSoil,0
2853,3,2010,24,1,30,30,15,Ethylene,SandSoil,0
2854,3,2010,24,1,30,30,15,Ethylene,SandSoil,0
2855,3,2010,24,1,30,30,15,Ethylene,SandSoil,0
2856,3,2010,24,1,30,30,15,Ethylene,SandSoil,0
2857,3,2010,24,1,30,30,15,Ethylene,SandSoil,0
2858,3,2010,24,1,30,30,15,Ethylene,SandSoil,0
2859,3,2010,24,1,30,30,15,Ethylene,SandSoil,0
2860,3,2010,24,1,30,30,15,Ethylene,SandSoil,0
2861,3,2010,24,1,30,30,15,Ethylene,SandSoil,0
2862,3,2010,24,1,30,30,15,Ethylene,SandSoil,0
2863,3,2010,24,1,30,30,15,Ethylene,SandSoil,0
2864,3,2010,24,1,30,30,15,Ethylene,SandSoil,0
2865,3,2010,24,1,30,30,15,Ethylene,SandSoil,0
2866,3,2010,24,1,30,30,15,Ethylene,SandSoil,0
2867,3,2010,24,1,30,30,15,Ethylene,SandSoil,0
2868,3,2010,24,1,30,30,15,Ethylene,SandSoil,0
2869,3,2010,24,1,30,30,15,Ethylene,SandSoil,0
2870,3,2010,24,1,30,30,15,Ethylene,SandSoil,0
2871,3,2010,24,1,30,30,15,Ethylene,SandSoil,0
2872,3,2010,24,1,30,30,15,Ethylene,SandSoil,0
2873,3,2010,24,1,30,30,15,Ethylene,SandSoil,0
2874,3,2010,24,1,30,30,15,Ethylene,SandSoil,0
2875,3,2010,24,1,30,30,15,Ethylene,SandSoil,0
2876,3,2010,24,1,30,30,15,Ethylene,SandSoil,0
2877,3,2010,24,1,30,30,15,Ethylene,SandSoil,0
2878,3,2010,24,1,30,30,15,Ethylene,SandSoil,0
2879,3,2010,24,1,30,30,15,Ethylene,SandSoil,0
2880,3,2010,24,1,30,30,15,Ethylene,SandSoil,0
2881,3,2010,24,1,30,30,15,Ethylene,SandSoil,0
2882,3,2010,24,1,30,30,15,Ethylene,SandSoil,0
2883,3,2010,24,1,30,30,15,Ethylene,SandSoil,0
2884,3,2010,24,1,30,30,15,Ethylene,SandSoil,0
2885,3,2010,24,1,30,30,15,Ethylene,SandSoil,0
2886,3,2010,24,1,30,30,15,Ethylene,SandSoil,0
2887,3,2010,24,1,30,30,15,Ethylene,SandSoil,0
2888,3,2010,24,1,30,30,15,Ethylene,SandSoil,0
2889,3,2010,24,1,30,30,15,Ethylene,SandSoil,0
2890,3,2010,24,1,30,30,15,Ethylene,SandSoil,0
2891,3,2010,24,1,30,30,15,Ethylene,SandSoil,0
2892,3,2010,24,1,30,30,15,Ethylene,SandSoil,0
2893,3,2010,24,1,30,30,15,Ethylene,SandSoil,0
2894,3,2010,24,1,30,30,15,Ethylene,SandSoil,0
2895,3,2010,24,1,30,30,15,Ethylene,SandSoil,0
2896,3,2010,24,1,30,30,15,Ethylene,SandSoil,0
3068,3,2010,24,1,30,30,15,Gibberellic Acid,SandSoil,0
3069,3,2010,24,1,30,30,15,Gibberellic Acid,SandSoil,0
3070,3,2010,24,1,30,30,15,Gibberellic Acid,SandSoil,0
3071,3,2010,24,1,30,30,15,Gibberellic Acid,SandSoil,0
3072,3,2010,24,1,30,30,15,Gibberellic Acid,SandSoil,0
3073,3,2010,24,1,30,30,15,Gibberellic Acid,SandSoil,0
3074,3,2010,24,1,30,30,15,Gibberellic Acid,SandSoil,0
3075,3,2010,24,1,30,30,15,Gibberellic Acid,SandSoil,0
3076,3,2010,24,1,30,30,15,Gibberellic Acid,SandSoil,0
3077,3,2010,24,1,30,30,15,Gibberellic Acid,SandSoil,0
3078,3,2010,24,1,30,30,15,Gibberellic Acid,SandSoil,0
3079,3,2010,24,1,30,30,15,Gibberellic Acid,SandSoil,0
3080,3,2010,24,1,30,30,15,Gibberellic Acid,SandSoil,0
3081,3,2010,24,1,30,30,15,Gibberellic Acid,SandSoil,0
3082,3,2010,24,1,30,30,15,Gibberellic Acid,SandSoil,0
3083,3,2010,24,1,30,30,15,Gibberellic Acid,SandSoil,0
3084,3,2010,24,1,30,30,15,Gibberellic Acid,SandSoil,0
3085,3,2010,24,1,30,30,15,Gibberellic Acid,SandSoil,0
3086,3,2010,24,1,30,30,15,Gibberellic Acid,SandSoil,0
3087,3,2010,24,1,30,30,15,Gibberellic Acid,SandSoil,0
3088,3,2010,24,1,30,30,15,Gibberellic Acid,SandSoil,0
3089,3,2010,24,1,30,30,15,Gibberellic Acid,SandSoil,0
3090,3,2010,24,1,30,30,15,Gibberellic Acid,SandSoil,0
3091,3,2010,24,1,30,30,15,Gibberellic Acid,SandSoil,0
3092,3,2010,24,1,30,30,15,Gibberellic Acid,SandSoil,0
3093,3,2010,24,1,30,30,15,Gibberellic Acid,SandSoil,0
3094,3,2010,24,1,30,30,15,Gibberellic Acid,SandSoil,0
3095,3,2010,24,1,30,30,15,Gibberellic Acid,SandSoil,0
3096,3,2010,24,1,30,30,15,Gibberellic Acid,SandSoil,0
3097,3,2010,24,1,30,30,15,Gibberellic Acid,SandSoil,0
3098,3,2010,24,1,30,30,15,Gibberellic Acid,SandSoil,0
3099,3,2010,24,1,30,30,15,Gibberellic Acid,SandSoil,0
3100,3,2010,24,1,30,30,15,Gibberellic Acid,SandSoil,0
3101,3,2010,24,1,30,30,15,Gibberellic Acid,SandSoil,0
3102,3,2010,24,1,30,30,15,Gibberellic Acid,SandSoil,0
3103,3,2010,24,1,30,30,15,Gibberellic Acid,SandSoil,0
3104,3,2010,24,1,30,30,15,Gibberellic Acid,SandSoil,0
3105,3,2010,24,1,30,30,15,Gibberellic Acid,SandSoil,0
3106,3,2010,24,1,30,30,15,Gibberellic Acid,SandSoil,0
3107,3,2010,24,1,30,30,15,Gibberellic Acid,SandSoil,0
3108,3,2010,24,1,30,30,15,Gibberellic Acid,SandSoil,0
3109,3,2010,24,1,30,30,15,Gibberellic Acid,SandSoil,0
3110,3,2010,24,1,30,30,15,Gibberellic Acid,SandSoil,0
3111,3,2010,24,1,30,30,15,Gibberellic Acid,SandSoil,0
3112,3,2010,24,1,30,30,15,Gibberellic Acid,SandSoil,0
3113,3,2010,24,1,30,30,15,Gibberellic Acid,SandSoil,0
3114,3,2010,24,1,30,30,15,Gibberellic Acid,SandSoil,0
3115,3,2010,24,1,30,30,15,Gibberellic Acid,SandSoil,0
3116,3,2010,24,1,30,30,15,Gibberellic Acid,SandSoil,0
3520,3,2010,24,1,30,30,15,Water Bath,SandSoil,0
3521,3,2010,24,1,30,30,15,Water Bath,SandSoil,0
3522,3,2010,24,1,30,30,15,Water Bath,SandSoil,0
3523,3,2010,24,1,30,30,15,Water Bath,SandSoil,0
3524,3,2010,24,1,30,30,15,Water Bath,SandSoil,0
3525,3,2010,24,1,30,30,15,Water Bath,SandSoil,0
3526,3,2010,24,1,30,30,15,Water Bath,SandSoil,0
3527,3,2010,24,1,30,30,15,Water Bath,SandSoil,0
3528,3,2010,24,1,30,30,15,Water Bath,SandSoil,0
3529,3,2010,24,1,30,30,15,Water Bath,SandSoil,0
3530,3,2010,24,1,30,30,15,Water Bath,SandSoil,0
3531,3,2010,24,1,30,30,15,Water Bath,SandSoil,0
3532,3,2010,24,1,30,30,15,Water Bath,SandSoil,0
3533,3,2010,24,1,30,30,15,Water Bath,SandSoil,0
3534,3,2010,24,1,30,30,15,Water Bath,SandSoil,0
3535,3,2010,24,1,30,30,15,Water Bath,SandSoil,0
3536,3,2010,24,1,30,30,15,Water Bath,SandSoil,0
3537,3,2010,24,1,30,30,15,Water Bath,SandSoil,0
3538,3,2010,24,1,30,30,15,Water Bath,SandSoil,0
3539,3,2010,24,1,30,30,15,Water Bath,SandSoil,0
3540,3,2010,24,1,30,30,15,Water Bath,SandSoil,0
3541,3,2010,24,1,30,30,15,Water Bath,SandSoil,0
3542,3,2010,24,1,30,30,15,Water Bath,SandSoil,0
3543,3,2010,24,1,30,30,15,Water Bath,SandSoil,0
3544,3,2010,24,1,30,30,15,Water Bath,SandSoil,0
3545,3,2010,24,1,30,30,15,Water Bath,SandSoil,0
3546,3,2010,24,1,30,30,15,Water Bath,SandSoil,0
3547,3,2010,24,1,30,30,15,Water Bath,SandSoil,0
3548,3,2010,24,1,30,30,15,Water Bath,SandSoil,0
3549,3,2010,24,1,30,30,15,Water Bath,SandSoil,0
3550,3,2010,24,1,30,30,15,Water Bath,SandSoil,0
3551,3,2010,24,1,30,30,15,Water Bath,SandSoil,0
3552,3,2010,24,1,30,30,15,Water Bath,SandSoil,0
3553,3,2010,24,1,30,30,15,Water Bath,SandSoil,0
3554,3,2010,24,1,30,30,15,Water Bath,SandSoil,0
3555,3,2010,24,1,30,30,15,Water Bath,SandSoil,0
3556,3,2010,24,1,30,30,15,Water Bath,SandSoil,0
3557,3,2010,24,1,30,30,15,Water Bath,SandSoil,0
3558,3,2010,24,1,30,30,15,Water Bath,SandSoil,0
3559,3,2010,24,1,30,30,15,Water Bath,SandSoil,0
3560,3,2010,24,1,30,30,15,Water Bath,SandSoil,0
3561,3,2010,24,1,30,30,15,Water Bath,SandSoil,0
3562,3,2010,24,1,30,30,15,Water Bath,SandSoil,0
3563,3,2010,24,1,30,30,15,Water Bath,SandSoil,0
3564,3,2010,24,1,30,30,15,Water Bath,SandSoil,0
3565,3,2010,24,1,30,30,15,Water Bath,SandSoil,0
2407,3,2010,4,1,30,30,15,Auxin,SandSoil,0
2408,3,2010,4,1,30,30,15,Auxin,SandSoil,0
2409,3,2010,4,1,30,30,15,Auxin,SandSoil,0
2410,3,2010,4,1,30,30,15,Auxin,SandSoil,0
2411,3,2010,4,1,30,30,15,Auxin,SandSoil,0
2412,3,2010,4,1,30,30,15,Auxin,SandSoil,0
2413,3,2010,4,1,30,30,15,Auxin,SandSoil,0
2414,3,2010,4,1,30,30,15,Auxin,SandSoil,0
2415,3,2010,4,1,30,30,15,Auxin,SandSoil,0
2416,3,2010,4,1,30,30,15,Auxin,SandSoil,0
2417,3,2010,4,1,30,30,15,Auxin,SandSoil,0
2418,3,2010,4,1,30,30,15,Auxin,SandSoil,0
2419,3,2010,4,1,30,30,15,Auxin,SandSoil,0
2420,3,2010,4,1,30,30,15,Auxin,SandSoil,0
2623,3,2010,4,1,30,30,15,Bleach,SandSoil,0
2624,3,2010,4,1,30,30,15,Bleach,SandSoil,0
2625,3,2010,4,1,30,30,15,Bleach,SandSoil,0
2626,3,2010,4,1,30,30,15,Bleach,SandSoil,0
2627,3,2010,4,1,30,30,15,Bleach,SandSoil,0
2628,3,2010,4,1,30,30,15,Bleach,SandSoil,0
2629,3,2010,4,1,30,30,15,Bleach,SandSoil,0
2630,3,2010,4,1,30,30,15,Bleach,SandSoil,0
2631,3,2010,4,1,30,30,15,Bleach,SandSoil,0
2632,3,2010,4,1,30,30,15,Bleach,SandSoil,0
2633,3,2010,4,1,30,30,15,Bleach,SandSoil,0
2634,3,2010,4,1,30,30,15,Bleach,SandSoil,0
2635,3,2010,4,1,30,30,15,Bleach,SandSoil,0
2636,3,2010,4,1,30,30,15,Bleach,SandSoil,0
2834,3,2010,4,1,30,30,15,Bleach+Water,SandSoil,0
2835,3,2010,4,1,30,30,15,Bleach+Water,SandSoil,0
2836,3,2010,4,1,30,30,15,Bleach+Water,SandSoil,0
2837,3,2010,4,1,30,30,15,Bleach+Water,SandSoil,0
2838,3,2010,4,1,30,30,15,Bleach+Water,SandSoil,0
2839,3,2010,4,1,30,30,15,Bleach+Water,SandSoil,0
2840,3,2010,4,1,30,30,15,Bleach+Water,SandSoil,0
2841,3,2010,4,1,30,30,15,Bleach+Water,SandSoil,0
2842,3,2010,4,1,30,30,15,Bleach+Water,SandSoil,0
2843,3,2010,4,1,30,30,15,Bleach+Water,SandSoil,0
2844,3,2010,4,1,30,30,15,Bleach+Water,SandSoil,0
2845,3,2010,4,1,30,30,15,Bleach+Water,SandSoil,0
2846,3,2010,4,1,30,30,15,Bleach+Water,SandSoil,0
2847,3,2010,4,1,30,30,15,Bleach+Water,SandSoil,0
3053,3,2010,4,1,30,30,15,Ethylene,SandSoil,0
3054,3,2010,4,1,30,30,15,Ethylene,SandSoil,0
3055,3,2010,4,1,30,30,15,Ethylene,SandSoil,0
3056,3,2010,4,1,30,30,15,Ethylene,SandSoil,0
3057,3,2010,4,1,30,30,15,Ethylene,SandSoil,0
3058,3,2010,4,1,30,30,15,Ethylene,SandSoil,0
3059,3,2010,4,1,30,30,15,Ethylene,SandSoil,0
3060,3,2010,4,1,30,30,15,Ethylene,SandSoil,0
3061,3,2010,4,1,30,30,15,Ethylene,SandSoil,0
3062,3,2010,4,1,30,30,15,Ethylene,SandSoil,0
3063,3,2010,4,1,30,30,15,Ethylene,SandSoil,0
3064,3,2010,4,1,30,30,15,Ethylene,SandSoil,0
3065,3,2010,4,1,30,30,15,Ethylene,SandSoil,0
3066,3,2010,4,1,30,30,15,Ethylene,SandSoil,0
3253,3,2010,4,1,30,30,15,Gibberellic Acid,SandSoil,0
3254,3,2010,4,1,30,30,15,Gibberellic Acid,SandSoil,0
3255,3,2010,4,1,30,30,15,Gibberellic Acid,SandSoil,0
3256,3,2010,4,1,30,30,15,Gibberellic Acid,SandSoil,0
3257,3,2010,4,1,30,30,15,Gibberellic Acid,SandSoil,0
3258,3,2010,4,1,30,30,15,Gibberellic Acid,SandSoil,0
3259,3,2010,4,1,30,30,15,Gibberellic Acid,SandSoil,0
3260,3,2010,4,1,30,30,15,Gibberellic Acid,SandSoil,0
3261,3,2010,4,1,30,30,15,Gibberellic Acid,SandSoil,0
3262,3,2010,4,1,30,30,15,Gibberellic Acid,SandSoil,0
3263,3,2010,4,1,30,30,15,Gibberellic Acid,SandSoil,0
3264,3,2010,4,1,30,30,15,Gibberellic Acid,SandSoil,0
3265,3,2010,4,1,30,30,15,Gibberellic Acid,SandSoil,0
3266,3,2010,4,1,30,30,15,Gibberellic Acid,SandSoil,0
3704,3,2010,4,1,30,30,15,Water Bath,SandSoil,0
3705,3,2010,4,1,30,30,15,Water Bath,SandSoil,0
3706,3,2010,4,1,30,30,15,Water Bath,SandSoil,0
3707,3,2010,4,1,30,30,15,Water Bath,SandSoil,0
3708,3,2010,4,1,30,30,15,Water Bath,SandSoil,0
3709,3,2010,4,1,30,30,15,Water Bath,SandSoil,0
3710,3,2010,4,1,30,30,15,Water Bath,SandSoil,0
3711,3,2010,4,1,30,30,15,Water Bath,SandSoil,0
3712,3,2010,4,1,30,30,15,Water Bath,SandSoil,0
3713,3,2010,4,1,30,30,15,Water Bath,SandSoil,0
3714,3,2010,4,1,30,30,15,Water Bath,SandSoil,0
3715,3,2010,4,1,30,30,15,Water Bath,SandSoil,0
3716,3,2010,4,1,30,30,15,Water Bath,SandSoil,0
3717,3,2010,4,1,30,30,15,Water Bath,SandSoil,0